cpu_percent,memory_percent,cmdline_length,network_connections_count,suspicious_keyword_count,label
32.0,24.2,113,2,0,BENIGN
4.26,26.73,12,2,0,BENIGN
64.16,18.59,93,2,0,BENIGN
7.45,19.92,128,9,0,BENIGN
94.4,23.08,264,1,3,MALICIOUS
34.8,9.19,86,2,0,BENIGN
24.69,21.83,95,3,0,BENIGN
57.94,13.98,121,4,3,MALICIOUS
13.92,15.27,120,0,0,BENIGN
10.06,5.95,30,1,0,BENIGN
95.04,15.45,279,4,2,MALICIOUS
75.48,4.99,222,7,3,MALICIOUS
97.06,37.65,109,8,2,MALICIOUS
84.58,36.44,132,7,1,MALICIOUS
33.93,27.88,61,4,0,BENIGN
0.69,6.14,73,1,0,BENIGN
90.84,11.72,73,4,4,MALICIOUS
6.08,8.63,76,2,0,BENIGN
75.81,19.51,251,6,4,MALICIOUS
3.74,17.51,139,0,0,BENIGN
3.44,1.42,31,3,0,BENIGN
4.54,1.71,118,1,0,BENIGN
55.15,16.26,251,14,0,BENIGN
5.58,16.09,107,2,0,BENIGN
1.55,23.11,124,0,0,BENIGN
0.45,4.9,33,3,0,BENIGN
88.66,30.49,289,7,1,MALICIOUS
0.67,20.9,80,0,0,BENIGN
1.58,12.96,11,0,0,BENIGN
94.75,24.26,174,4,2,MALICIOUS
83.22,29.88,244,1,1,MALICIOUS
77.79,17.91,32,0,0,BENIGN
8.48,14.55,30,0,0,BENIGN
6.82,17.56,80,2,0,BENIGN
1.74,28.02,80,0,0,BENIGN
32.13,14.64,32,0,0,BENIGN
96.6,21.52,199,5,1,MALICIOUS
99.76,42.02,80,8,3,MALICIOUS
87.84,35.66,229,4,2,MALICIOUS
3.88,18.32,107,4,0,BENIGN
2.24,13.12,105,2,0,BENIGN
23.89,15.13,116,0,0,BENIGN
78.35,17.82,228,5,3,MALICIOUS
29.64,29.43,136,2,0,BENIGN
22.29,12.81,134,2,0,BENIGN
0.67,2.31,50,0,0,BENIGN
85.56,13.44,81,8,3,MALICIOUS
10.27,29.53,64,2,0,BENIGN
27.91,14.13,122,1,0,BENIGN
63.39,29.28,83,5,0,BENIGN
1.55,12.07,131,0,0,BENIGN
63.29,14.53,114,0,0,BENIGN
3.37,16.14,26,1,0,BENIGN
74.49,16.66,235,5,3,MALICIOUS
21.68,27.97,36,2,0,BENIGN
98.02,16.51,205,4,2,MALICIOUS
1.26,18.69,123,3,0,BENIGN
99.29,33.02,199,4,3,MALICIOUS
14.42,5.32,43,3,0,BENIGN
93.05,26.84,137,2,1,MALICIOUS
91.41,36.12,313,7,4,MALICIOUS
96.17,25.35,71,5,4,MALICIOUS
82.04,28.21,112,3,1,MALICIOUS
94.96,48.38,230,2,1,MALICIOUS
24.79,9.19,140,0,0,BENIGN
55.39,20.77,65,0,0,BENIGN
17.41,1.97,80,2,0,BENIGN
81.51,23.08,80,6,3,MALICIOUS
79.48,44.26,144,7,1,MALICIOUS
89.22,25.41,74,0,0,BENIGN
96.42,33.64,259,7,3,MALICIOUS
15.88,10.0,168,8,0,BENIGN
3.6,8.89,28,1,0,BENIGN
2.49,15.06,11,4,0,BENIGN
34.51,29.51,81,0,0,BENIGN
30.87,10.42,31,2,0,BENIGN
86.66,33.12,130,4,2,MALICIOUS
30.51,22.02,87,10,0,BENIGN
83.09,10.76,311,3,4,MALICIOUS
2.15,20.61,32,0,0,BENIGN
14.18,10.28,129,2,0,BENIGN
4.3,17.14,103,0,0,BENIGN
94.5,47.4,171,2,1,MALICIOUS
72.7,20.02,151,5,1,MALICIOUS
96.76,36.9,248,3,1,MALICIOUS
39.75,19.23,227,3,3,MALICIOUS
31.22,34.59,140,4,0,BENIGN
77.23,11.16,79,3,4,MALICIOUS
19.47,10.47,31,2,0,BENIGN
84.39,29.32,232,5,2,MALICIOUS
70.04,34.59,136,5,3,MALICIOUS
1.42,18.87,43,0,0,BENIGN
3.37,24.67,29,0,0,BENIGN
29.3,2.94,94,0,0,BENIGN
3.3,27.08,10,4,0,BENIGN
94.74,32.08,214,5,3,MALICIOUS
30.38,25.25,56,0,0,BENIGN
93.34,24.48,60,5,0,BENIGN
15.73,9.21,138,0,0,BENIGN
1.2,28.97,130,2,0,BENIGN
28.22,17.84,42,3,0,BENIGN
54.4,22.18,90,2,2,MALICIOUS
23.86,32.72,148,5,0,BENIGN
52.42,38.94,215,3,0,BENIGN
72.3,5.23,118,3,3,MALICIOUS
96.35,33.88,200,4,1,MALICIOUS
2.26,6.44,53,0,0,BENIGN
1.56,26.79,123,0,0,BENIGN
89.93,38.11,162,8,4,MALICIOUS
17.43,19.07,92,2,0,BENIGN
3.32,19.31,48,1,0,BENIGN
18.72,32.29,198,8,0,BENIGN
1.29,11.74,17,3,0,BENIGN
6.57,9.53,110,4,0,BENIGN
73.13,6.29,86,5,4,MALICIOUS
92.99,8.43,188,8,4,MALICIOUS
88.93,19.77,202,2,3,MALICIOUS
77.61,41.37,273,3,3,MALICIOUS
16.46,4.99,50,0,0,BENIGN
85.25,26.82,153,6,3,MALICIOUS
85.14,19.62,262,6,2,MALICIOUS
2.55,20.45,94,1,0,BENIGN
73.02,33.18,270,2,1,MALICIOUS
63.49,53.49,59,4,0,BENIGN
80.74,25.62,280,6,2,MALICIOUS
96.66,7.01,308,1,4,MALICIOUS
1.78,20.17,28,2,0,BENIGN
4.98,16.36,26,2,0,BENIGN
7.81,5.28,26,0,0,BENIGN
89.35,39.5,72,5,1,MALICIOUS
26.84,2.55,56,0,0,BENIGN
89.18,22.46,78,5,4,MALICIOUS
62.14,26.87,146,2,2,MALICIOUS
12.98,13.73,30,2,0,BENIGN
1.74,7.71,129,0,0,BENIGN
6.01,26.69,84,3,0,BENIGN
85.56,11.34,251,8,4,MALICIOUS
70.58,5.15,67,6,2,MALICIOUS
93.1,26.04,105,1,0,BENIGN
0.73,16.03,56,0,0,BENIGN
73.81,31.04,219,1,3,MALICIOUS
4.04,10.05,127,2,0,BENIGN
16.28,3.37,52,0,0,BENIGN
3.9,4.2,130,3,0,BENIGN
2.68,3.4,134,0,0,BENIGN
96.72,17.65,76,5,4,MALICIOUS
0.04,19.71,90,0,0,BENIGN
87.03,40.96,196,1,4,MALICIOUS
90.86,38.3,112,7,3,MALICIOUS
88.95,31.42,208,3,4,MALICIOUS
0.81,28.06,67,0,0,BENIGN
4.09,12.61,40,2,0,BENIGN
3.48,3.08,98,4,0,BENIGN
25.04,10.74,114,2,0,BENIGN
3.26,17.51,61,3,0,BENIGN
0.88,11.83,35,0,0,BENIGN
0.62,12.75,24,0,0,BENIGN
99.41,31.54,235,6,4,MALICIOUS
2.99,17.55,139,4,0,BENIGN
89.9,35.73,106,0,0,BENIGN
1.57,6.71,78,0,0,BENIGN
78.29,12.53,189,4,1,MALICIOUS
22.65,10.57,127,3,0,BENIGN
98.99,26.2,127,8,3,MALICIOUS
79.44,44.12,315,5,3,MALICIOUS
6.47,18.55,182,12,0,BENIGN
79.53,21.38,186,5,2,MALICIOUS
11.69,29.7,171,12,0,BENIGN
46.27,20.01,155,9,0,BENIGN
98.14,23.95,83,5,4,MALICIOUS
1.89,10.78,101,0,0,BENIGN
0.9,28.76,14,3,0,BENIGN
1.33,23.61,83,2,0,BENIGN
4.68,11.2,134,0,0,BENIGN
2.98,26.43,12,0,0,BENIGN
25.68,18.62,120,2,0,BENIGN
4.73,9.27,136,0,0,BENIGN
3.95,18.62,23,0,0,BENIGN
63.87,20.59,198,4,3,MALICIOUS
82.45,11.46,253,4,1,MALICIOUS
32.51,7.57,72,4,2,MALICIOUS
92.67,29.41,90,3,3,MALICIOUS
5.34,6.18,87,2,0,BENIGN
97.75,10.4,319,6,3,MALICIOUS
24.57,17.91,86,0,0,BENIGN
32.1,23.32,68,3,0,BENIGN
2.0,8.27,38,0,0,BENIGN
91.36,16.22,110,6,2,MALICIOUS
81.14,11.91,64,4,1,MALICIOUS
20.23,22.06,14,3,0,BENIGN
40.68,17.29,219,15,0,BENIGN
24.1,14.04,87,1,0,BENIGN
74.51,22.39,143,5,1,MALICIOUS
62.76,24.86,112,0,0,BENIGN
75.35,14.73,111,1,2,MALICIOUS
70.71,12.54,258,7,3,MALICIOUS
59.32,11.39,132,2,0,BENIGN
73.46,10.12,302,8,2,MALICIOUS
83.33,28.53,84,7,2,MALICIOUS
28.23,25.98,118,2,0,BENIGN
42.33,0.76,29,4,0,BENIGN
69.66,17.81,126,4,0,BENIGN
96.97,35.25,283,3,4,MALICIOUS
0.48,29.15,11,2,0,BENIGN
74.42,42.04,292,3,4,MALICIOUS
18.94,11.58,116,3,0,BENIGN
6.5,10.46,107,3,0,BENIGN
21.28,2.0,27,4,0,BENIGN
26.31,12.65,39,0,0,BENIGN
6.94,6.68,45,1,0,BENIGN
9.41,13.67,22,2,0,BENIGN
99.22,44.76,260,7,2,MALICIOUS
37.82,17.63,90,8,0,BENIGN
5.73,6.57,94,1,0,BENIGN
84.27,21.96,121,4,3,MALICIOUS
40.01,1.23,82,0,0,BENIGN
55.1,10.13,176,3,1,MALICIOUS
76.75,8.62,71,2,4,MALICIOUS
81.62,34.71,218,3,4,MALICIOUS
82.74,25.08,268,2,3,MALICIOUS
0.95,13.29,23,1,0,BENIGN
95.07,13.2,117,3,4,MALICIOUS
23.65,19.54,69,3,0,BENIGN
7.03,15.18,31,3,0,BENIGN
9.26,11.6,103,3,0,BENIGN
1.37,12.6,28,2,0,BENIGN
51.22,11.45,198,3,3,MALICIOUS
3.98,3.58,75,0,0,BENIGN
64.62,28.58,103,2,0,BENIGN
79.89,37.13,198,1,3,MALICIOUS
30.64,25.73,75,3,0,BENIGN
57.6,15.95,302,1,3,MALICIOUS
78.83,10.49,245,3,1,MALICIOUS
0.03,9.39,102,1,0,BENIGN
8.5,13.01,82,4,0,BENIGN
91.49,27.71,232,5,1,MALICIOUS
87.05,24.11,300,8,2,MALICIOUS
77.04,21.41,315,5,3,MALICIOUS
37.64,23.65,157,3,0,BENIGN
8.0,26.59,60,4,0,BENIGN
4.52,1.7,108,0,0,BENIGN
76.48,17.84,183,3,1,MALICIOUS
32.11,1.57,24,0,0,BENIGN
52.08,14.04,139,3,3,MALICIOUS
1.26,25.58,48,0,0,BENIGN
19.66,9.03,59,0,0,BENIGN
91.1,26.84,80,2,3,MALICIOUS
50.25,40.54,140,4,0,BENIGN
82.07,29.31,270,4,1,MALICIOUS
81.72,33.47,124,5,2,MALICIOUS
0.45,9.37,115,0,0,BENIGN
3.99,16.46,46,0,0,BENIGN
86.79,34.42,205,2,0,BENIGN
88.12,17.41,215,2,1,MALICIOUS
16.75,11.48,77,0,0,BENIGN
59.22,32.7,82,0,0,BENIGN
79.97,41.87,179,1,2,MALICIOUS
92.54,32.62,166,2,3,MALICIOUS
83.9,8.82,19,3,0,BENIGN
76.06,23.0,93,10,0,BENIGN
31.04,26.43,115,0,0,BENIGN
94.9,34.23,180,7,2,MALICIOUS
46.42,10.75,221,3,3,MALICIOUS
91.41,21.02,185,3,4,MALICIOUS
80.19,30.52,81,3,4,MALICIOUS
14.31,19.8,76,0,0,BENIGN
78.58,36.18,131,7,2,MALICIOUS
14.08,9.42,114,0,0,BENIGN
82.03,37.87,63,6,1,MALICIOUS
52.1,34.15,96,8,0,BENIGN
0.4,19.9,88,0,0,BENIGN
2.19,16.39,87,1,0,BENIGN
97.46,36.68,123,3,1,MALICIOUS
86.57,16.68,245,2,2,MALICIOUS
21.7,3.87,11,0,0,BENIGN
12.73,18.95,29,3,0,BENIGN
0.53,9.28,111,0,0,BENIGN
0.03,2.56,75,0,0,BENIGN
74.72,23.05,235,5,2,MALICIOUS
75.16,26.08,79,8,4,MALICIOUS
97.95,33.79,90,4,3,MALICIOUS
94.17,19.48,127,2,2,MALICIOUS
24.94,12.66,35,0,0,BENIGN
22.56,21.66,85,0,0,BENIGN
24.02,29.04,72,0,0,BENIGN
29.16,23.92,42,2,0,BENIGN
73.16,38.75,281,7,4,MALICIOUS
17.62,5.03,61,2,0,BENIGN
94.81,16.84,218,0,0,BENIGN
75.13,28.15,219,1,3,MALICIOUS
83.76,12.05,119,4,0,BENIGN
70.3,30.96,209,7,0,BENIGN
26.03,17.52,88,7,0,BENIGN
93.72,49.33,40,3,0,BENIGN
11.44,3.4,65,2,0,BENIGN
83.88,13.86,213,7,4,MALICIOUS
52.71,25.48,141,4,3,MALICIOUS
28.57,15.45,88,2,0,BENIGN
72.66,32.9,122,4,0,BENIGN
84.41,13.54,200,1,3,MALICIOUS
87.25,11.91,198,2,3,MALICIOUS
7.32,24.58,22,4,0,BENIGN
93.56,9.66,279,7,4,MALICIOUS
93.06,31.03,201,1,2,MALICIOUS
20.21,17.27,48,0,0,BENIGN
0.84,2.09,52,2,0,BENIGN
1.47,20.97,58,0,0,BENIGN
0.95,7.67,45,1,0,BENIGN
97.3,33.33,112,1,1,MALICIOUS
62.19,49.94,143,5,0,BENIGN
25.69,3.94,30,3,0,BENIGN
51.82,25.06,145,0,0,BENIGN
33.07,19.05,61,0,0,BENIGN
98.86,20.52,269,6,3,MALICIOUS
2.86,9.16,24,2,0,BENIGN
33.65,12.02,93,0,0,BENIGN
98.64,41.6,160,3,3,MALICIOUS
30.65,10.33,139,0,0,BENIGN
71.69,10.09,177,3,1,MALICIOUS
89.87,16.85,272,7,3,MALICIOUS
0.48,4.64,59,3,0,BENIGN
79.74,17.32,256,5,2,MALICIOUS
71.98,26.16,217,8,4,MALICIOUS
79.56,45.41,171,4,0,BENIGN
80.31,27.79,272,2,4,MALICIOUS
22.07,32.0,146,6,0,BENIGN
88.72,42.31,262,7,1,MALICIOUS
4.94,23.65,62,0,0,BENIGN
87.62,8.43,66,2,2,MALICIOUS
1.17,12.13,71,4,0,BENIGN
0.47,8.61,101,3,0,BENIGN
86.46,34.76,153,6,4,MALICIOUS
0.49,6.82,66,0,0,BENIGN
73.31,36.52,90,8,1,MALICIOUS
1.53,13.35,31,0,0,BENIGN
73.39,19.15,208,1,2,MALICIOUS
24.99,23.71,93,0,0,BENIGN
83.51,26.9,251,3,2,MALICIOUS
1.62,29.11,113,1,0,BENIGN
1.9,16.67,24,2,0,BENIGN
9.3,4.94,47,4,0,BENIGN
33.48,2.74,73,0,0,BENIGN
3.25,2.3,28,2,0,BENIGN
4.0,13.22,112,4,0,BENIGN
81.22,44.4,185,7,4,MALICIOUS
81.56,32.26,306,2,3,MALICIOUS
3.53,16.92,38,0,0,BENIGN
7.27,27.86,37,0,0,BENIGN
84.88,23.72,161,1,2,MALICIOUS
95.81,44.46,319,4,4,MALICIOUS
64.99,20.05,226,7,0,BENIGN
84.11,10.71,299,7,1,MALICIOUS
7.95,10.11,50,0,0,BENIGN
44.0,27.42,126,3,2,MALICIOUS
16.2,9.6,80,0,0,BENIGN
1.36,2.43,61,0,0,BENIGN
98.43,19.63,185,3,4,MALICIOUS
3.01,24.55,68,0,0,BENIGN
42.92,31.44,189,1,2,MALICIOUS
77.76,40.77,158,5,3,MALICIOUS
30.21,8.46,134,3,0,BENIGN
83.55,39.81,128,5,2,MALICIOUS
27.0,11.57,83,2,0,BENIGN
97.87,29.96,261,2,3,MALICIOUS
4.29,1.62,35,1,0,BENIGN
88.78,32.86,60,2,4,MALICIOUS
10.89,22.14,89,2,0,BENIGN
74.96,24.9,49,0,0,BENIGN
30.3,23.32,68,3,0,BENIGN
4.49,5.16,14,0,0,BENIGN
7.33,2.86,65,1,0,BENIGN
69.89,51.99,186,6,0,BENIGN
68.35,28.63,88,2,3,MALICIOUS
5.91,6.5,44,1,0,BENIGN
85.39,30.72,243,5,2,MALICIOUS
32.41,24.95,75,4,0,BENIGN
75.74,23.5,299,6,3,MALICIOUS
1.61,3.32,51,0,0,BENIGN
92.62,15.08,106,4,0,BENIGN
74.91,33.77,300,6,4,MALICIOUS
17.1,1.4,19,0,0,BENIGN
4.71,4.79,96,1,0,BENIGN
72.46,20.23,90,0,0,BENIGN
15.68,25.36,79,0,0,BENIGN
84.22,15.88,135,8,3,MALICIOUS
5.1,14.38,105,3,0,BENIGN
15.33,20.89,54,1,0,BENIGN
99.32,31.8,311,5,4,MALICIOUS
10.4,27.07,19,1,0,BENIGN
97.47,25.83,221,1,4,MALICIOUS
83.91,15.93,92,2,4,MALICIOUS
75.9,7.35,72,4,4,MALICIOUS
86.14,33.24,245,3,3,MALICIOUS
2.04,6.9,39,0,0,BENIGN
20.34,14.8,86,0,0,BENIGN
52.05,18.07,218,4,1,MALICIOUS
90.13,48.2,234,1,1,MALICIOUS
6.98,10.46,30,2,0,BENIGN
2.04,3.37,28,0,0,BENIGN
66.55,9.0,31,0,0,BENIGN
83.09,48.86,312,3,4,MALICIOUS
24.4,4.06,132,0,0,BENIGN
60.29,20.71,234,2,3,MALICIOUS
1.4,14.47,33,2,0,BENIGN
76.2,14.27,251,6,4,MALICIOUS
89.97,42.96,308,5,2,MALICIOUS
20.0,13.37,23,0,0,BENIGN
76.35,14.31,292,1,1,MALICIOUS
42.98,54.41,165,13,0,BENIGN
92.17,22.98,153,7,1,MALICIOUS
14.15,15.85,54,0,0,BENIGN
47.75,22.15,219,2,3,MALICIOUS
47.11,27.78,156,4,3,MALICIOUS
94.52,50.82,176,1,4,MALICIOUS
22.96,14.65,38,1,0,BENIGN
88.72,31.21,212,0,0,BENIGN
9.13,15.48,47,0,0,BENIGN
93.36,36.46,214,5,1,MALICIOUS
10.29,24.49,36,0,0,BENIGN
46.16,16.86,215,4,2,MALICIOUS
4.92,6.49,15,0,0,BENIGN
9.1,29.88,135,0,0,BENIGN
80.6,39.06,183,2,1,MALICIOUS
75.98,14.22,12,4,0,BENIGN
67.96,29.55,64,15,0,BENIGN
12.5,10.52,80,0,0,BENIGN
5.85,16.87,32,2,0,BENIGN
4.15,16.63,56,2,0,BENIGN
11.87,28.9,126,1,0,BENIGN
0.48,13.05,118,0,0,BENIGN
29.05,32.44,91,6,0,BENIGN
92.86,13.66,96,5,1,MALICIOUS
4.53,25.57,46,0,0,BENIGN
1.66,3.47,116,0,0,BENIGN
83.75,39.73,84,4,3,MALICIOUS
3.29,0.27,100,3,0,BENIGN
21.34,26.89,111,2,0,BENIGN
81.5,15.01,172,5,4,MALICIOUS
55.09,18.83,33,0,0,BENIGN
0.13,26.55,93,2,0,BENIGN
5.4,4.27,38,2,0,BENIGN
3.17,29.83,68,4,0,BENIGN
74.69,18.41,167,4,1,MALICIOUS
4.99,4.32,136,0,0,BENIGN
10.68,12.83,155,9,0,BENIGN
29.71,20.9,103,0,0,BENIGN
49.91,42.93,185,0,0,BENIGN
94.52,35.29,171,4,3,MALICIOUS
78.44,36.17,90,4,1,MALICIOUS
60.55,28.27,111,0,0,BENIGN
60.99,46.2,200,1,0,BENIGN
1.06,4.29,75,0,0,BENIGN
1.6,5.57,52,0,0,BENIGN
85.21,38.24,87,7,3,MALICIOUS
81.21,28.01,269,4,4,MALICIOUS
3.33,22.56,23,3,0,BENIGN
56.62,38.15,298,5,2,MALICIOUS
94.99,6.62,114,2,4,MALICIOUS
7.34,17.12,121,2,0,BENIGN
1.2,9.78,82,0,0,BENIGN
7.38,9.06,70,0,0,BENIGN
76.98,42.64,75,2,1,MALICIOUS
71.29,17.35,141,2,0,BENIGN
88.46,21.17,143,2,4,MALICIOUS
4.53,15.9,75,0,0,BENIGN
29.68,21.64,129,5,0,BENIGN
52.28,18.39,209,7,0,BENIGN
0.63,18.8,93,0,0,BENIGN
62.19,36.11,72,2,3,MALICIOUS
45.24,15.94,20,0,0,BENIGN
94.06,12.29,309,5,3,MALICIOUS
88.56,34.41,212,9,0,BENIGN
94.78,53.69,186,3,3,MALICIOUS
9.7,13.88,94,0,0,BENIGN
2.43,12.96,60,1,0,BENIGN
91.35,33.17,201,1,4,MALICIOUS
80.39,23.94,122,8,3,MALICIOUS
15.45,5.96,123,1,0,BENIGN
3.01,4.6,51,4,0,BENIGN
0.95,18.06,44,3,0,BENIGN
8.28,18.83,139,2,0,BENIGN
94.83,18.83,25,0,0,BENIGN
75.19,27.28,73,2,3,MALICIOUS
1.84,12.94,37,1,0,BENIGN
0.81,17.25,64,2,0,BENIGN
34.04,16.81,44,0,0,BENIGN
1.14,20.29,15,3,0,BENIGN
20.31,3.82,61,2,0,BENIGN
90.59,22.98,143,4,4,MALICIOUS
3.07,10.58,58,4,0,BENIGN
99.8,42.51,83,1,3,MALICIOUS
81.79,17.41,132,2,3,MALICIOUS
63.45,51.99,76,1,0,BENIGN
0.25,22.0,110,1,0,BENIGN
89.5,31.71,73,8,3,MALICIOUS
82.31,19.7,132,2,1,MALICIOUS
81.64,17.3,191,2,0,BENIGN
26.94,23.54,134,0,0,BENIGN
50.95,22.11,34,0,0,BENIGN
54.78,49.46,50,11,0,BENIGN
96.09,52.34,222,6,3,MALICIOUS
78.41,19.66,110,5,0,BENIGN
7.83,24.74,106,2,0,BENIGN
82.19,32.09,190,9,0,BENIGN
84.58,29.03,91,1,0,BENIGN
43.66,19.88,102,1,0,BENIGN
52.25,22.28,216,1,0,BENIGN
23.99,14.88,56,2,0,BENIGN
12.83,24.96,33,0,0,BENIGN
91.7,40.41,79,3,0,BENIGN
81.88,9.04,131,5,4,MALICIOUS
5.65,20.58,58,7,0,BENIGN
30.31,11.35,82,0,0,BENIGN
4.09,9.23,81,1,0,BENIGN
0.15,10.64,27,0,0,BENIGN
23.85,3.24,87,1,0,BENIGN
52.41,7.14,35,0,0,BENIGN
79.22,40.44,140,6,3,MALICIOUS
60.81,17.16,208,1,3,MALICIOUS
3.66,4.6,64,1,0,BENIGN
17.76,10.98,102,0,0,BENIGN
33.97,8.25,133,0,0,BENIGN
56.44,37.39,65,1,3,MALICIOUS
20.5,3.36,71,0,0,BENIGN
4.08,22.0,91,0,0,BENIGN
77.07,29.35,97,6,3,MALICIOUS
1.62,0.94,126,0,0,BENIGN
75.17,27.26,67,7,4,MALICIOUS
47.79,9.49,126,4,0,BENIGN
18.79,27.81,15,0,0,BENIGN
2.05,3.8,20,2,0,BENIGN
6.89,17.62,112,1,0,BENIGN
25.82,13.67,22,1,0,BENIGN
47.35,12.52,108,1,3,MALICIOUS
72.79,41.55,188,5,0,BENIGN
80.25,22.43,179,0,0,BENIGN
91.48,21.75,166,2,2,MALICIOUS
2.13,20.02,105,4,0,BENIGN
33.3,21.44,80,0,0,BENIGN
3.7,23.76,30,0,0,BENIGN
93.68,10.31,213,8,1,MALICIOUS
91.24,48.49,153,4,0,BENIGN
68.57,33.0,183,3,0,BENIGN
92.86,27.65,340,2,2,MALICIOUS
23.98,25.07,169,9,0,BENIGN
2.21,25.83,119,0,0,BENIGN
44.13,17.64,127,2,2,MALICIOUS
14.32,6.77,24,0,0,BENIGN
53.17,56.93,167,4,0,BENIGN
9.51,1.58,131,1,0,BENIGN
26.84,27.28,87,0,0,BENIGN
95.72,61.71,147,2,0,BENIGN
91.19,15.64,59,0,0,BENIGN
48.52,43.89,202,2,0,BENIGN
1.31,1.39,25,4,0,BENIGN
71.95,40.43,303,4,4,MALICIOUS
3.96,17.93,83,0,0,BENIGN
83.57,19.09,93,4,4,MALICIOUS
81.23,22.77,159,6,3,MALICIOUS
52.23,8.91,143,2,1,MALICIOUS
11.67,6.07,122,2,0,BENIGN
3.94,3.42,19,2,0,BENIGN
72.79,37.73,180,5,2,MALICIOUS
25.2,17.62,105,0,0,BENIGN
72.08,16.97,218,2,3,MALICIOUS
81.12,12.41,77,6,3,MALICIOUS
4.17,29.41,72,0,0,BENIGN
77.33,30.6,67,3,1,MALICIOUS
0.89,17.96,124,3,0,BENIGN
15.31,21.79,17,2,0,BENIGN
8.72,22.18,74,5,0,BENIGN
5.44,19.68,70,0,0,BENIGN
68.63,23.63,50,0,0,BENIGN
0.99,22.8,30,4,0,BENIGN
2.56,14.18,94,0,0,BENIGN
21.81,6.97,127,2,0,BENIGN
96.49,23.53,276,2,4,MALICIOUS
87.62,32.74,178,7,4,MALICIOUS
77.84,24.81,123,1,1,MALICIOUS
15.69,12.54,124,0,0,BENIGN
86.28,20.19,72,3,2,MALICIOUS
70.72,45.28,104,4,0,BENIGN
28.56,13.85,45,11,0,BENIGN
1.9,25.03,137,0,0,BENIGN
1.07,14.3,53,3,0,BENIGN
7.95,9.12,87,2,0,BENIGN
23.73,15.77,117,0,0,BENIGN
82.64,33.9,227,8,1,MALICIOUS
3.01,22.85,29,0,0,BENIGN
6.92,17.61,30,4,0,BENIGN
98.9,4.67,233,1,3,MALICIOUS
94.87,39.95,158,4,0,BENIGN
79.73,10.82,194,2,4,MALICIOUS
55.18,18.13,71,1,2,MALICIOUS
1.8,9.21,42,0,0,BENIGN
1.73,14.08,63,0,0,BENIGN
80.27,24.71,103,5,3,MALICIOUS
92.02,43.57,177,8,3,MALICIOUS
99.41,14.91,195,5,2,MALICIOUS
2.59,4.69,77,0,0,BENIGN
74.85,8.35,77,0,0,BENIGN
85.68,31.74,121,3,4,MALICIOUS
3.57,7.19,95,0,0,BENIGN
33.49,6.14,15,2,0,BENIGN
1.44,21.48,98,3,0,BENIGN
92.92,27.8,19,0,0,BENIGN
6.34,13.9,65,2,0,BENIGN
75.48,34.88,120,0,0,BENIGN
3.87,22.04,127,3,0,BENIGN
13.91,16.52,200,6,0,BENIGN
21.95,2.03,131,0,0,BENIGN
4.17,5.99,56,1,0,BENIGN
2.99,20.63,107,0,0,BENIGN
96.21,41.33,313,4,1,MALICIOUS
6.23,14.23,23,2,0,BENIGN
97.83,25.62,102,5,4,MALICIOUS
4.26,6.62,58,1,0,BENIGN
75.59,8.97,178,1,3,MALICIOUS
26.39,19.3,80,2,0,BENIGN
15.27,4.83,96,0,0,BENIGN
6.66,28.57,67,1,0,BENIGN
92.38,33.54,333,8,2,MALICIOUS
7.96,17.02,83,3,0,BENIGN
10.41,22.08,35,2,0,BENIGN
30.6,19.6,65,0,0,BENIGN
27.52,19.99,180,6,0,BENIGN
93.39,29.0,112,1,1,MALICIOUS
1.9,23.09,95,0,0,BENIGN
20.02,26.51,132,0,0,BENIGN
3.53,12.51,49,0,0,BENIGN
18.73,14.72,108,11,0,BENIGN
29.12,9.4,63,2,0,BENIGN
10.35,1.33,24,0,0,BENIGN
2.27,18.34,89,2,0,BENIGN
25.67,10.35,139,1,0,BENIGN
14.53,23.26,87,1,0,BENIGN
0.85,8.9,30,0,0,BENIGN
87.76,33.79,255,3,1,MALICIOUS
77.27,26.9,66,7,2,MALICIOUS
15.45,8.85,76,0,0,BENIGN
53.14,11.52,141,0,0,BENIGN
98.33,44.99,126,4,1,MALICIOUS
63.97,24.46,33,0,0,BENIGN
2.81,8.03,119,4,0,BENIGN
92.81,30.3,154,8,2,MALICIOUS
1.32,11.1,113,0,0,BENIGN
72.87,26.62,234,3,1,MALICIOUS
76.13,9.22,90,5,2,MALICIOUS
2.92,1.65,82,0,0,BENIGN
36.99,24.78,133,4,0,BENIGN
81.79,24.22,190,3,0,BENIGN
85.32,20.93,297,5,3,MALICIOUS
9.71,5.59,52,1,0,BENIGN
58.74,43.76,282,1,2,MALICIOUS
13.09,12.03,105,4,0,BENIGN
2.55,1.85,52,0,0,BENIGN
69.3,34.93,230,3,2,MALICIOUS
94.43,29.63,173,4,4,MALICIOUS
1.61,29.28,121,4,0,BENIGN
65.58,42.68,134,2,0,BENIGN
37.97,14.43,126,3,3,MALICIOUS
0.18,10.83,93,4,0,BENIGN
0.04,20.29,107,0,0,BENIGN
0.25,3.48,55,2,0,BENIGN
65.5,23.78,94,0,0,BENIGN
93.03,15.43,85,6,2,MALICIOUS
3.54,1.95,27,3,0,BENIGN
4.8,1.56,15,2,0,BENIGN
11.59,5.86,117,3,0,BENIGN
1.0,7.49,53,0,0,BENIGN
1.3,9.59,110,3,0,BENIGN
74.78,8.54,274,8,1,MALICIOUS
82.36,25.54,288,6,2,MALICIOUS
2.46,7.38,81,0,0,BENIGN
53.0,10.4,137,1,3,MALICIOUS
3.16,4.52,52,3,0,BENIGN
13.78,9.14,50,2,0,BENIGN
95.18,31.15,87,4,3,MALICIOUS
7.49,4.99,13,0,0,BENIGN
11.5,24.87,79,3,0,BENIGN
85.11,21.34,87,2,3,MALICIOUS
28.91,17.82,100,0,0,BENIGN
10.85,15.64,55,4,0,BENIGN
72.52,38.06,305,8,3,MALICIOUS
64.67,27.53,106,0,0,BENIGN
1.94,14.32,51,0,0,BENIGN
73.36,15.31,135,8,2,MALICIOUS
7.1,6.88,35,0,0,BENIGN
89.35,26.02,91,3,2,MALICIOUS
22.89,31.27,85,8,0,BENIGN
10.03,18.89,74,3,0,BENIGN
21.64,13.1,133,2,0,BENIGN
88.74,27.74,103,1,1,MALICIOUS
99.57,27.0,294,8,1,MALICIOUS
1.25,2.22,75,1,0,BENIGN
29.9,1.74,106,1,0,BENIGN
0.72,13.21,56,0,0,BENIGN
3.43,5.41,40,4,0,BENIGN
76.66,30.98,202,6,1,MALICIOUS
94.27,29.17,282,7,1,MALICIOUS
25.62,19.22,131,3,0,BENIGN
93.99,15.6,88,2,4,MALICIOUS
3.04,20.87,19,0,0,BENIGN
65.77,29.84,179,3,3,MALICIOUS
0.57,28.76,36,0,0,BENIGN
29.14,10.02,95,0,0,BENIGN
30.12,0.69,50,0,0,BENIGN
80.01,6.46,195,3,4,MALICIOUS
15.47,20.92,95,0,0,BENIGN
8.4,15.79,27,0,0,BENIGN
80.74,12.7,92,0,0,BENIGN
79.28,20.47,172,8,3,MALICIOUS
4.66,0.91,98,1,0,BENIGN
9.76,32.54,117,12,0,BENIGN
80.87,35.12,174,1,3,MALICIOUS
4.56,24.7,105,0,0,BENIGN
2.22,25.91,102,4,0,BENIGN
74.45,22.9,129,6,2,MALICIOUS
92.8,31.36,136,6,1,MALICIOUS
87.16,37.14,111,4,3,MALICIOUS
68.14,18.61,82,0,0,BENIGN
4.42,3.6,65,2,0,BENIGN
92.64,36.84,264,6,4,MALICIOUS
75.92,12.22,163,2,3,MALICIOUS
11.26,2.6,56,0,0,BENIGN
87.41,47.65,173,1,1,MALICIOUS
91.16,28.34,205,7,4,MALICIOUS
92.03,6.25,246,1,1,MALICIOUS
84.39,11.02,133,3,4,MALICIOUS
58.05,45.99,37,5,0,BENIGN
8.23,23.11,96,0,0,BENIGN
7.81,11.04,12,2,0,BENIGN
61.03,22.52,56,2,2,MALICIOUS
2.78,24.7,55,0,0,BENIGN
17.85,9.51,94,0,0,BENIGN
80.79,16.1,296,7,1,MALICIOUS
6.55,12.11,45,1,0,BENIGN
26.11,29.29,121,1,0,BENIGN
27.3,12.39,75,2,0,BENIGN
65.08,15.7,96,0,0,BENIGN
1.73,7.36,72,3,0,BENIGN
89.64,22.87,267,8,3,MALICIOUS
96.11,43.73,150,1,4,MALICIOUS
0.89,7.71,28,0,0,BENIGN
10.85,7.55,86,0,0,BENIGN
58.31,28.72,13,0,0,BENIGN
22.0,9.63,76,0,0,BENIGN
57.32,25.34,92,2,1,MALICIOUS
83.61,23.03,279,2,3,MALICIOUS
4.8,18.45,68,0,0,BENIGN
1.66,12.01,78,0,0,BENIGN
14.01,18.2,135,5,0,BENIGN
54.37,17.5,77,0,0,BENIGN
45.05,23.76,216,2,2,MALICIOUS
11.83,13.19,145,10,0,BENIGN
28.74,10.91,31,0,0,BENIGN
3.08,14.95,56,0,0,BENIGN
45.67,23.03,89,0,0,BENIGN
96.75,9.8,78,3,4,MALICIOUS
65.48,25.76,222,6,0,BENIGN
75.38,35.49,64,2,4,MALICIOUS
90.36,6.59,109,3,2,MALICIOUS
0.39,20.56,61,2,0,BENIGN
31.78,30.8,98,2,0,BENIGN
3.11,4.66,92,2,0,BENIGN
55.18,12.41,98,3,0,BENIGN
8.11,23.17,11,2,0,BENIGN
32.62,26.21,25,2,0,BENIGN
9.83,12.59,128,0,0,BENIGN
82.23,41.71,84,2,2,MALICIOUS
8.31,29.49,82,0,0,BENIGN
7.45,9.77,31,0,0,BENIGN
97.67,21.49,114,4,2,MALICIOUS
15.01,14.5,124,0,0,BENIGN
34.38,0.25,16,0,0,BENIGN
72.71,9.54,157,2,1,MALICIOUS
5.45,11.67,88,0,0,BENIGN
28.42,8.71,150,6,0,BENIGN
51.63,51.62,85,1,0,BENIGN
1.05,6.43,24,0,0,BENIGN
29.46,28.11,93,7,0,BENIGN
84.35,20.56,95,4,1,MALICIOUS
60.59,23.26,128,2,2,MALICIOUS
72.43,16.7,109,4,0,BENIGN
42.1,12.67,156,4,3,MALICIOUS
37.8,22.93,150,2,0,BENIGN
75.08,8.84,165,6,2,MALICIOUS
3.07,1.83,46,0,0,BENIGN
3.76,17.66,62,1,0,BENIGN
61.08,42.08,158,0,0,BENIGN
87.59,27.27,76,3,2,MALICIOUS
80.73,15.58,50,0,0,BENIGN
12.07,24.37,33,0,0,BENIGN
51.04,1.92,18,0,0,BENIGN
6.44,5.29,44,2,0,BENIGN
69.61,21.64,60,0,0,BENIGN
77.02,13.01,233,8,2,MALICIOUS
91.75,44.47,116,1,3,MALICIOUS
84.9,37.27,233,3,3,MALICIOUS
28.96,17.99,11,0,0,BENIGN
21.7,25.72,60,0,0,BENIGN
16.93,22.17,60,0,0,BENIGN
3.94,4.63,46,0,0,BENIGN
29.28,12.5,27,0,0,BENIGN
90.95,25.49,52,0,0,BENIGN
7.45,9.08,122,3,0,BENIGN
10.21,9.08,79,1,0,BENIGN
0.8,29.88,129,0,0,BENIGN
94.72,26.78,330,5,2,MALICIOUS
9.38,26.18,43,0,0,BENIGN
4.82,9.57,45,0,0,BENIGN
34.36,3.47,82,2,0,BENIGN
61.1,43.57,226,15,0,BENIGN
74.7,18.91,130,2,2,MALICIOUS
97.78,19.36,182,4,1,MALICIOUS
24.06,2.74,108,2,0,BENIGN
75.5,4.6,36,0,0,BENIGN
3.43,27.69,27,0,0,BENIGN
7.07,4.96,140,2,0,BENIGN
0.0,4.89,80,3,0,BENIGN
20.27,29.65,15,0,0,BENIGN
12.24,11.99,86,0,0,BENIGN
33.63,22.22,20,0,0,BENIGN
1.72,20.54,22,0,0,BENIGN
96.86,43.03,245,1,4,MALICIOUS
3.28,3.18,27,3,0,BENIGN
80.28,22.85,228,1,2,MALICIOUS
86.6,38.47,94,2,1,MALICIOUS
95.08,44.73,182,3,1,MALICIOUS
11.14,13.75,74,0,0,BENIGN
1.59,4.42,82,0,0,BENIGN
85.37,27.59,192,3,1,MALICIOUS
61.32,28.71,90,1,0,BENIGN
19.95,13.77,69,9,0,BENIGN
92.89,28.55,145,6,3,MALICIOUS
21.44,18.18,59,0,0,BENIGN
87.07,38.19,86,6,1,MALICIOUS
84.7,48.42,95,7,1,MALICIOUS
26.37,5.09,41,0,0,BENIGN
9.07,4.56,92,4,0,BENIGN
93.58,5.76,120,4,4,MALICIOUS
1.79,1.06,43,0,0,BENIGN
23.4,29.76,111,4,0,BENIGN
5.03,14.91,37,0,0,BENIGN
17.31,9.14,57,4,0,BENIGN
0.49,19.09,35,0,0,BENIGN
45.86,19.07,206,3,3,MALICIOUS
35.87,16.13,85,8,0,BENIGN
2.31,14.83,53,2,0,BENIGN
81.77,26.89,185,1,1,MALICIOUS
1.13,25.75,46,1,0,BENIGN
89.34,12.09,46,1,0,BENIGN
74.4,11.18,200,8,4,MALICIOUS
8.39,26.02,43,0,0,BENIGN
10.95,20.51,91,0,0,BENIGN
87.61,24.6,294,5,2,MALICIOUS
77.44,24.42,108,6,1,MALICIOUS
47.27,37.95,214,2,2,MALICIOUS
84.22,27.83,78,4,2,MALICIOUS
24.2,6.45,61,0,0,BENIGN
0.94,20.99,108,0,0,BENIGN
34.65,22.78,26,0,0,BENIGN
69.73,8.32,123,0,0,BENIGN
8.38,32.62,140,9,0,BENIGN
10.34,9.34,85,0,0,BENIGN
14.99,21.15,79,0,0,BENIGN
87.81,4.24,82,8,3,MALICIOUS
0.38,3.29,70,4,0,BENIGN
31.9,22.81,200,2,2,MALICIOUS
29.28,13.71,116,0,0,BENIGN
3.18,28.9,95,0,0,BENIGN
74.44,4.41,95,2,3,MALICIOUS
68.32,35.34,62,2,3,MALICIOUS
80.1,32.37,310,5,2,MALICIOUS
60.3,29.05,67,5,0,BENIGN
80.16,36.82,193,4,3,MALICIOUS
82.4,17.29,252,2,1,MALICIOUS
99.85,34.85,193,1,3,MALICIOUS
8.26,14.63,106,1,0,BENIGN
75.4,13.86,145,1,1,MALICIOUS
32.55,33.82,75,5,0,BENIGN
12.42,13.98,79,2,0,BENIGN
2.89,8.21,116,0,0,BENIGN
96.05,46.53,325,4,3,MALICIOUS
98.48,21.15,235,6,4,MALICIOUS
85.84,21.3,221,2,3,MALICIOUS
81.81,27.06,289,6,4,MALICIOUS
79.36,29.67,109,1,4,MALICIOUS
82.12,28.08,274,8,4,MALICIOUS
86.61,28.03,111,4,2,MALICIOUS
31.48,17.37,72,4,0,BENIGN
4.96,7.78,40,0,0,BENIGN
97.7,15.6,194,5,3,MALICIOUS
30.56,2.24,27,2,0,BENIGN
5.02,11.91,54,0,0,BENIGN
99.43,32.06,213,4,4,MALICIOUS
95.74,32.58,346,3,1,MALICIOUS
81.18,17.95,98,6,0,BENIGN
65.47,21.63,118,0,0,BENIGN
14.65,17.03,93,0,0,BENIGN
28.26,26.06,144,10,0,BENIGN
82.9,34.29,122,6,2,MALICIOUS
10.69,12.48,48,4,0,BENIGN
74.62,17.52,260,1,4,MALICIOUS
63.18,25.21,32,3,0,BENIGN
93.93,31.24,269,7,2,MALICIOUS
95.32,37.03,81,4,3,MALICIOUS
12.24,21.69,109,0,0,BENIGN
46.51,9.66,47,3,0,BENIGN
2.31,23.97,57,0,0,BENIGN
74.51,39.01,249,7,3,MALICIOUS
75.94,44.82,60,3,0,BENIGN
90.97,33.18,212,7,2,MALICIOUS
70.07,19.57,126,4,1,MALICIOUS
6.44,5.36,35,3,0,BENIGN
92.06,41.99,230,7,1,MALICIOUS
92.03,49.6,159,0,0,BENIGN
81.21,10.93,19,0,0,BENIGN
12.04,19.21,127,0,0,BENIGN
32.84,13.26,134,0,0,BENIGN
2.37,13.82,45,0,0,BENIGN
70.93,36.66,192,4,3,MALICIOUS
6.24,14.71,61,0,0,BENIGN
3.16,19.99,98,0,0,BENIGN
12.81,27.34,27,0,0,BENIGN
28.06,13.91,84,1,0,BENIGN
10.31,15.31,88,3,0,BENIGN
1.74,14.38,102,0,0,BENIGN
18.82,18.39,38,3,0,BENIGN
2.25,22.56,107,0,0,BENIGN
2.72,19.5,78,1,0,BENIGN
0.54,6.23,139,2,0,BENIGN
2.49,19.67,36,0,0,BENIGN
73.8,37.59,74,0,0,BENIGN
2.63,7.32,57,2,0,BENIGN
2.13,17.64,76,4,0,BENIGN
0.58,3.11,23,1,0,BENIGN
28.99,26.2,181,11,0,BENIGN
2.49,2.09,32,0,0,BENIGN
76.66,32.1,131,4,3,MALICIOUS
2.49,13.03,43,0,0,BENIGN
2.31,24.25,15,0,0,BENIGN
32.92,26.53,89,10,0,BENIGN
31.91,26.38,102,10,0,BENIGN
48.23,24.21,55,0,0,BENIGN
93.55,14.06,287,2,3,MALICIOUS
2.95,24.32,11,2,0,BENIGN
1.12,1.87,30,4,0,BENIGN
8.8,1.11,105,0,0,BENIGN
11.34,4.16,96,1,0,BENIGN
97.92,34.18,105,4,1,MALICIOUS
1.87,11.71,30,0,0,BENIGN
84.33,48.51,133,1,1,MALICIOUS
9.82,33.43,85,2,0,BENIGN
9.59,26.09,55,1,0,BENIGN
11.29,6.64,69,0,0,BENIGN
84.18,43.79,190,7,2,MALICIOUS
4.8,14.34,99,0,0,BENIGN
72.2,33.83,288,1,4,MALICIOUS
2.83,17.56,35,1,0,BENIGN
71.98,39.74,178,6,4,MALICIOUS
21.93,17.06,95,1,0,BENIGN
8.02,12.56,122,11,0,BENIGN
28.0,4.79,82,0,0,BENIGN
0.49,21.72,125,0,0,BENIGN
97.33,14.62,219,5,3,MALICIOUS
56.64,19.07,172,2,3,MALICIOUS
66.55,17.15,122,0,0,BENIGN
70.52,13.91,83,3,1,MALICIOUS
60.18,39.27,144,5,2,MALICIOUS
51.52,10.18,183,4,2,MALICIOUS
5.95,1.55,77,4,0,BENIGN
55.44,38.33,176,3,1,MALICIOUS
98.86,18.02,157,8,1,MALICIOUS
95.0,28.52,133,4,3,MALICIOUS
3.15,18.67,107,0,0,BENIGN
40.86,6.37,46,4,0,BENIGN
0.59,15.5,75,3,0,BENIGN
85.11,0.61,38,0,0,BENIGN
71.29,8.99,68,4,3,MALICIOUS
92.33,39.09,263,1,1,MALICIOUS
0.51,6.33,58,0,0,BENIGN
2.12,18.29,116,0,0,BENIGN
42.87,14.52,105,0,0,BENIGN
75.74,13.26,125,0,0,BENIGN
19.35,29.65,81,12,0,BENIGN
84.43,35.5,229,7,2,MALICIOUS
95.0,49.41,79,7,4,MALICIOUS
9.33,10.62,110,0,0,BENIGN
76.19,29.25,44,0,0,BENIGN
96.93,17.9,83,8,3,MALICIOUS
42.22,22.89,69,0,0,BENIGN
85.58,16.51,89,5,0,BENIGN
26.06,16.32,72,6,0,BENIGN
84.55,8.76,180,8,3,MALICIOUS
66.32,5.63,44,0,0,BENIGN
4.83,11.62,19,0,0,BENIGN
33.29,21.36,83,4,0,BENIGN
27.59,6.93,131,0,0,BENIGN
21.07,25.22,46,5,0,BENIGN
1.65,2.56,125,1,0,BENIGN
74.93,7.03,91,7,4,MALICIOUS
21.01,9.29,105,3,0,BENIGN
0.23,25.95,47,0,0,BENIGN
98.59,41.98,135,3,3,MALICIOUS
1.31,25.91,90,0,0,BENIGN
14.72,12.66,115,9,0,BENIGN
32.21,13.84,90,2,0,BENIGN
7.74,8.04,104,0,0,BENIGN
63.85,36.09,191,9,0,BENIGN
75.21,36.72,196,3,3,MALICIOUS
91.71,14.33,77,1,1,MALICIOUS
3.41,5.77,54,1,0,BENIGN
84.98,55.79,95,13,0,BENIGN
0.94,4.12,16,3,0,BENIGN
1.44,23.47,136,0,0,BENIGN
4.0,14.45,18,0,0,BENIGN
58.8,23.03,59,0,0,BENIGN
5.85,8.4,67,0,0,BENIGN
95.7,32.39,183,1,4,MALICIOUS
49.83,1.13,37,0,0,BENIGN
3.32,5.16,21,0,0,BENIGN
81.12,32.05,294,2,1,MALICIOUS
0.84,8.42,86,0,0,BENIGN
90.43,39.27,62,0,0,BENIGN
36.78,16.09,143,4,0,BENIGN
4.43,17.35,108,0,0,BENIGN
82.14,32.63,216,5,1,MALICIOUS
69.79,17.14,93,13,0,BENIGN
29.39,8.32,66,0,0,BENIGN
20.87,6.64,59,3,0,BENIGN
70.32,9.85,92,7,2,MALICIOUS
4.47,18.99,90,3,0,BENIGN
3.69,5.22,37,1,0,BENIGN
3.19,6.48,98,0,0,BENIGN
81.54,45.45,73,4,0,BENIGN
28.96,21.45,31,0,0,BENIGN
9.24,7.09,49,1,0,BENIGN
4.71,17.18,20,4,0,BENIGN
6.3,14.83,120,1,0,BENIGN
78.08,17.09,79,0,0,BENIGN
1.96,16.58,135,0,0,BENIGN
26.17,1.57,68,1,0,BENIGN
3.46,0.83,23,0,0,BENIGN
90.93,35.9,116,6,1,MALICIOUS
13.37,17.77,82,2,0,BENIGN
13.31,14.08,84,7,0,BENIGN
75.38,30.91,133,14,0,BENIGN
86.85,23.94,234,6,1,MALICIOUS
29.15,22.98,172,4,1,MALICIOUS
73.4,14.23,126,7,3,MALICIOUS
83.13,41.2,304,5,2,MALICIOUS
1.69,20.24,131,2,0,BENIGN
4.02,27.06,50,0,0,BENIGN
13.15,12.4,15,1,0,BENIGN
54.28,56.77,189,3,0,BENIGN
88.34,26.87,235,5,3,MALICIOUS
2.46,21.36,123,0,0,BENIGN
25.19,13.67,135,4,0,BENIGN
23.34,26.64,103,9,0,BENIGN
2.68,28.95,63,0,0,BENIGN
3.91,8.21,40,1,0,BENIGN
4.88,1.81,22,0,0,BENIGN
7.49,8.92,31,1,0,BENIGN
67.42,21.94,75,1,0,BENIGN
93.21,40.12,103,1,3,MALICIOUS
78.75,8.36,128,0,0,BENIGN
0.51,8.64,60,1,0,BENIGN
75.21,31.67,150,1,4,MALICIOUS
92.67,22.45,195,6,2,MALICIOUS
74.91,25.9,95,5,1,MALICIOUS
91.28,29.83,128,1,0,BENIGN
26.12,13.73,69,2,0,BENIGN
16.13,16.69,98,0,0,BENIGN
39.49,20.73,155,1,1,MALICIOUS
27.19,15.89,96,2,0,BENIGN
52.44,24.88,107,2,0,BENIGN
3.93,11.08,61,0,0,BENIGN
3.92,4.8,109,0,0,BENIGN
83.07,22.41,115,5,3,MALICIOUS
2.08,19.44,58,0,0,BENIGN
94.9,15.87,311,1,3,MALICIOUS
1.9,4.34,87,0,0,BENIGN
83.29,5.48,150,5,2,MALICIOUS
91.21,34.18,191,2,1,MALICIOUS
53.02,5.04,55,1,0,BENIGN
80.92,33.34,217,1,1,MALICIOUS
2.57,8.3,81,0,0,BENIGN
14.72,8.26,16,0,0,BENIGN
24.54,3.7,134,0,0,BENIGN
2.14,8.98,132,0,0,BENIGN
0.34,9.15,92,1,0,BENIGN
47.54,23.25,44,2,0,BENIGN
3.17,17.49,28,0,0,BENIGN
4.74,29.54,128,4,0,BENIGN
91.77,46.4,267,2,2,MALICIOUS
98.11,39.68,136,4,1,MALICIOUS
1.21,12.31,71,4,0,BENIGN
16.95,8.94,99,10,0,BENIGN
96.3,31.53,313,5,2,MALICIOUS
24.44,29.01,94,4,0,BENIGN
29.57,7.26,46,2,0,BENIGN
90.93,45.04,219,1,4,MALICIOUS
72.58,39.95,212,6,4,MALICIOUS
76.35,44.23,277,2,1,MALICIOUS
72.86,45.55,226,4,0,BENIGN
77.79,28.1,70,0,0,BENIGN
18.89,16.9,50,8,0,BENIGN
61.04,35.2,152,0,0,BENIGN
76.01,32.75,146,1,4,MALICIOUS
74.48,14.48,66,2,0,BENIGN
4.23,11.15,81,0,0,BENIGN
3.23,23.56,71,0,0,BENIGN
3.71,22.46,132,2,0,BENIGN
26.33,19.27,107,10,0,BENIGN
77.09,33.36,56,2,3,MALICIOUS
26.7,22.9,91,3,0,BENIGN
3.82,0.65,79,2,0,BENIGN
91.47,0.48,35,0,0,BENIGN
1.99,3.05,131,0,0,BENIGN
81.0,29.85,254,10,0,BENIGN
72.05,5.19,179,1,3,MALICIOUS
18.99,19.67,61,6,0,BENIGN
80.94,12.16,162,7,1,MALICIOUS
4.71,29.35,96,0,0,BENIGN
4.62,25.23,49,0,0,BENIGN
21.32,12.51,58,0,0,BENIGN
72.26,11.85,118,4,0,BENIGN
4.12,11.29,31,0,0,BENIGN
93.65,25.77,47,0,0,BENIGN
3.54,21.1,51,0,0,BENIGN
2.88,7.79,121,0,0,BENIGN
28.03,29.99,50,0,0,BENIGN
10.62,4.39,92,1,0,BENIGN
50.15,35.25,179,2,3,MALICIOUS
3.83,27.32,31,0,0,BENIGN
2.51,21.0,120,2,0,BENIGN
93.64,36.43,254,3,1,MALICIOUS
2.47,10.39,89,4,0,BENIGN
0.57,20.32,132,0,0,BENIGN
3.7,16.45,118,0,0,BENIGN
92.62,30.57,170,3,2,MALICIOUS
19.32,26.7,139,9,0,BENIGN
2.46,17.4,23,0,0,BENIGN
2.87,2.82,137,0,0,BENIGN
0.72,19.79,27,0,0,BENIGN
98.05,14.45,246,2,4,MALICIOUS
84.05,41.36,218,3,1,MALICIOUS
4.89,8.07,22,0,0,BENIGN
24.59,9.78,131,0,0,BENIGN
39.26,19.69,193,4,3,MALICIOUS
13.05,1.41,28,1,0,BENIGN
58.88,33.03,125,15,0,BENIGN
6.98,13.42,27,0,0,BENIGN
26.39,25.14,39,0,0,BENIGN
2.24,5.06,32,0,0,BENIGN
84.92,26.56,16,0,0,BENIGN
26.72,28.11,54,0,0,BENIGN
27.41,23.04,101,4,0,BENIGN
75.45,38.97,193,2,0,BENIGN
4.16,15.05,84,0,0,BENIGN
70.34,16.4,130,2,0,BENIGN
64.49,37.39,152,1,2,MALICIOUS
94.22,26.16,69,1,4,MALICIOUS
5.91,3.54,61,1,0,BENIGN
0.4,1.39,120,3,0,BENIGN
1.99,23.0,31,0,0,BENIGN
3.48,1.95,50,0,0,BENIGN
4.44,13.33,26,0,0,BENIGN
86.82,60.0,123,15,0,BENIGN
77.92,31.2,207,4,1,MALICIOUS
94.88,36.6,118,7,4,MALICIOUS
59.73,12.06,58,4,0,BENIGN
0.92,0.89,70,1,0,BENIGN
30.77,29.6,119,1,3,MALICIOUS
86.37,37.42,267,7,1,MALICIOUS
4.05,3.63,97,2,0,BENIGN
2.24,5.03,57,0,0,BENIGN
3.73,22.62,69,0,0,BENIGN
11.6,2.5,93,2,0,BENIGN
96.58,35.23,249,4,2,MALICIOUS
10.63,26.59,104,0,0,BENIGN
1.71,11.91,45,0,0,BENIGN
87.49,43.84,152,7,1,MALICIOUS
1.66,22.25,64,0,0,BENIGN
3.62,10.35,74,0,0,BENIGN
70.4,61.55,209,3,0,BENIGN
91.13,24.97,162,13,0,BENIGN
2.86,25.12,135,0,0,BENIGN
0.66,17.36,68,3,0,BENIGN
95.81,25.76,137,6,2,MALICIOUS
90.08,5.2,134,5,3,MALICIOUS
0.98,1.93,62,0,0,BENIGN
2.19,13.95,45,0,0,BENIGN
34.94,14.46,106,0,0,BENIGN
98.4,22.98,344,2,4,MALICIOUS
88.19,11.27,123,7,2,MALICIOUS
4.48,23.4,24,4,0,BENIGN
72.63,29.94,157,3,1,MALICIOUS
81.25,33.58,126,3,3,MALICIOUS
35.68,6.86,63,4,3,MALICIOUS
15.67,14.55,104,2,0,BENIGN
31.97,27.3,120,2,0,BENIGN
59.23,22.91,118,1,1,MALICIOUS
87.05,3.16,104,0,0,BENIGN
0.45,24.22,36,0,0,BENIGN
49.17,5.58,112,0,0,BENIGN
3.54,4.02,85,0,0,BENIGN
17.98,11.98,53,3,0,BENIGN
24.22,9.43,98,0,0,BENIGN
82.59,34.63,226,4,1,MALICIOUS
22.81,9.8,72,1,0,BENIGN
2.7,13.19,51,0,0,BENIGN
70.9,12.16,257,5,2,MALICIOUS
4.06,0.85,26,0,0,BENIGN
89.4,23.26,127,6,3,MALICIOUS
41.19,24.69,80,2,0,BENIGN
2.98,14.15,74,1,0,BENIGN
2.77,17.99,93,1,0,BENIGN
85.38,33.45,66,3,3,MALICIOUS
72.68,39.14,310,4,4,MALICIOUS
2.84,12.79,72,0,0,BENIGN
0.02,6.6,81,1,0,BENIGN
73.78,8.52,129,8,3,MALICIOUS
66.14,54.45,119,2,0,BENIGN
4.75,10.07,44,1,0,BENIGN
4.96,14.82,101,0,0,BENIGN
83.04,44.29,171,5,0,BENIGN
50.35,22.9,65,0,0,BENIGN
91.63,22.92,103,6,2,MALICIOUS
80.5,23.17,106,1,1,MALICIOUS
2.75,24.81,87,2,0,BENIGN
89.4,11.24,80,7,2,MALICIOUS
79.37,33.67,190,4,4,MALICIOUS
97.49,22.12,214,7,1,MALICIOUS
3.9,6.94,82,0,0,BENIGN
82.07,5.84,71,6,4,MALICIOUS
73.24,25.17,158,6,4,MALICIOUS
89.36,4.08,303,1,1,MALICIOUS
51.72,23.55,83,1,2,MALICIOUS
14.8,5.19,80,0,0,BENIGN
0.12,28.37,139,0,0,BENIGN
10.31,29.07,101,0,0,BENIGN
5.35,2.73,51,0,0,BENIGN
10.66,6.31,88,2,0,BENIGN
26.79,20.7,16,0,0,BENIGN
13.33,7.86,38,2,0,BENIGN
20.45,3.45,138,0,0,BENIGN
27.96,26.45,95,4,3,MALICIOUS
1.79,10.45,77,4,0,BENIGN
5.83,15.15,100,0,0,BENIGN
2.59,24.71,76,0,0,BENIGN
2.93,12.35,87,0,0,BENIGN
6.02,22.43,65,0,0,BENIGN
80.23,26.73,151,4,1,MALICIOUS
49.18,38.9,60,2,0,BENIGN
7.7,11.19,42,1,0,BENIGN
7.3,4.18,107,1,0,BENIGN
4.17,0.87,21,0,0,BENIGN
61.82,53.33,101,3,0,BENIGN
3.46,8.06,84,1,0,BENIGN
2.23,29.89,83,4,0,BENIGN
93.62,15.24,101,8,4,MALICIOUS
15.3,25.52,135,0,0,BENIGN
85.9,23.92,292,3,3,MALICIOUS
72.55,32.37,276,4,2,MALICIOUS
77.04,31.04,95,8,1,MALICIOUS
1.19,20.14,64,0,0,BENIGN
64.91,31.42,182,4,3,MALICIOUS
3.45,14.2,18,0,0,BENIGN
9.68,13.53,152,3,0,BENIGN
87.94,16.1,202,1,2,MALICIOUS
71.35,37.32,208,3,1,MALICIOUS
1.12,23.21,84,0,0,BENIGN
79.54,15.87,114,1,0,BENIGN
99.31,5.64,300,1,4,MALICIOUS
1.79,9.02,85,0,0,BENIGN
75.36,34.61,177,1,4,MALICIOUS
16.93,0.44,22,4,0,BENIGN
84.21,34.61,249,2,4,MALICIOUS
2.19,12.71,52,4,0,BENIGN
52.54,9.15,123,3,0,BENIGN
22.02,1.42,119,1,0,BENIGN
1.91,12.91,100,0,0,BENIGN
64.3,20.47,135,0,0,BENIGN
63.22,58.69,112,2,0,BENIGN
4.45,22.32,49,0,0,BENIGN
80.38,27.53,151,4,0,BENIGN
1.48,8.05,103,0,0,BENIGN
80.87,39.41,271,7,2,MALICIOUS
2.38,10.67,128,3,0,BENIGN
4.71,9.1,109,4,0,BENIGN
15.11,6.75,73,1,0,BENIGN
84.3,16.92,88,4,3,MALICIOUS
55.99,16.47,95,8,0,BENIGN
77.91,30.88,207,4,3,MALICIOUS
2.39,5.25,48,0,0,BENIGN
42.41,20.23,195,3,2,MALICIOUS
99.21,14.03,83,4,3,MALICIOUS
48.56,22.68,22,3,0,BENIGN
0.93,10.13,74,2,0,BENIGN
21.74,17.68,94,4,0,BENIGN
16.36,11.48,29,0,0,BENIGN
95.78,31.61,115,8,4,MALICIOUS
67.84,63.48,89,2,0,BENIGN
6.02,4.86,66,0,0,BENIGN
24.7,29.92,76,4,0,BENIGN
29.37,26.76,124,7,0,BENIGN
4.42,23.26,83,0,0,BENIGN
26.65,28.17,115,2,0,BENIGN
0.37,25.4,85,0,0,BENIGN
24.6,13.11,109,3,0,BENIGN
1.92,29.54,83,1,0,BENIGN
10.4,13.03,39,1,0,BENIGN
36.46,29.89,66,3,1,MALICIOUS
3.86,19.19,77,0,0,BENIGN
64.78,24.37,97,1,0,BENIGN
91.38,28.0,191,2,3,MALICIOUS
23.41,17.97,69,3,0,BENIGN
68.51,36.71,129,9,0,BENIGN
63.48,57.56,161,8,0,BENIGN
34.71,6.93,30,1,0,BENIGN
0.55,18.9,118,0,0,BENIGN
85.13,35.96,269,8,2,MALICIOUS
2.75,22.39,102,4,0,BENIGN
60.44,17.65,128,4,0,BENIGN
33.51,26.78,58,0,0,BENIGN
12.87,31.2,112,2,0,BENIGN
2.52,9.32,26,3,0,BENIGN
47.14,26.55,26,0,0,BENIGN
79.72,39.91,152,1,0,BENIGN
1.98,17.23,73,0,0,BENIGN
1.51,1.62,117,4,0,BENIGN
48.29,29.77,97,0,0,BENIGN
94.84,24.42,73,3,4,MALICIOUS
3.74,5.43,43,3,0,BENIGN
79.43,41.34,217,2,4,MALICIOUS
3.18,29.43,74,3,0,BENIGN
81.87,31.34,256,1,1,MALICIOUS
79.85,27.76,136,1,4,MALICIOUS
4.52,17.61,15,4,0,BENIGN
56.23,26.14,39,0,0,BENIGN
89.34,8.45,280,4,1,MALICIOUS
76.61,33.92,168,1,0,BENIGN
13.07,24.53,24,2,0,BENIGN
79.44,4.43,64,2,1,MALICIOUS
94.21,46.83,106,1,0,BENIGN
1.57,19.66,78,4,0,BENIGN
80.09,28.95,289,7,2,MALICIOUS
2.63,7.61,55,0,0,BENIGN
1.33,7.03,73,3,0,BENIGN
92.49,30.45,320,6,4,MALICIOUS
0.88,18.13,92,4,0,BENIGN
98.29,20.17,101,8,3,MALICIOUS
94.51,24.04,122,6,1,MALICIOUS
52.4,7.01,155,2,2,MALICIOUS
1.09,11.69,40,3,0,BENIGN
22.39,21.43,130,3,0,BENIGN
61.88,26.84,103,1,2,MALICIOUS
57.25,45.93,89,10,0,BENIGN
86.03,43.4,101,8,3,MALICIOUS
1.35,4.44,48,0,0,BENIGN
53.02,15.11,96,2,2,MALICIOUS
87.35,30.89,227,8,4,MALICIOUS
84.61,16.21,247,2,1,MALICIOUS
26.0,32.98,153,9,0,BENIGN
52.15,26.64,162,2,2,MALICIOUS
11.65,14.98,75,3,0,BENIGN
0.34,17.9,124,0,0,BENIGN
6.58,14.5,109,7,0,BENIGN
5.89,16.71,104,0,0,BENIGN
86.24,37.19,185,7,0,BENIGN
77.7,16.46,175,3,1,MALICIOUS
0.93,20.82,104,3,0,BENIGN
82.1,1.16,117,1,0,BENIGN
99.04,11.23,180,3,4,MALICIOUS
6.31,6.58,69,0,0,BENIGN
60.64,28.26,60,0,0,BENIGN
32.73,16.8,70,1,2,MALICIOUS
87.63,34.58,125,5,2,MALICIOUS
60.28,8.03,119,3,2,MALICIOUS
12.34,19.83,118,1,0,BENIGN
2.39,16.12,61,1,0,BENIGN
70.87,30.39,119,2,3,MALICIOUS
87.27,34.23,207,8,3,MALICIOUS
51.91,18.27,130,2,0,BENIGN
1.69,17.73,68,0,0,BENIGN
0.51,17.3,39,0,0,BENIGN
41.97,2.24,83,1,0,BENIGN
47.74,22.41,70,0,0,BENIGN
86.76,8.51,226,1,3,MALICIOUS
0.66,5.36,12,0,0,BENIGN
4.1,1.77,128,0,0,BENIGN
98.55,14.81,257,2,2,MALICIOUS
58.57,22.95,135,4,0,BENIGN
7.21,7.06,103,4,0,BENIGN
84.07,39.73,263,4,4,MALICIOUS
92.87,28.32,231,2,1,MALICIOUS
92.7,31.9,243,4,1,MALICIOUS
6.85,6.51,19,0,0,BENIGN
79.55,19.68,151,8,2,MALICIOUS
23.51,16.05,78,2,0,BENIGN
81.82,5.52,137,1,3,MALICIOUS
85.93,23.65,110,8,4,MALICIOUS
49.23,11.29,116,2,0,BENIGN
6.52,5.03,36,1,0,BENIGN
77.47,30.19,153,5,4,MALICIOUS
79.15,12.59,84,1,3,MALICIOUS
0.52,10.39,106,0,0,BENIGN
99.2,33.5,152,2,1,MALICIOUS
79.45,16.22,92,7,3,MALICIOUS
10.26,7.58,122,2,0,BENIGN
3.18,18.61,79,4,0,BENIGN
4.08,13.28,40,2,0,BENIGN
3.93,18.28,92,0,0,BENIGN
77.68,28.17,311,6,1,MALICIOUS
4.14,10.27,43,0,0,BENIGN
76.86,34.71,302,4,4,MALICIOUS
76.39,7.21,192,2,4,MALICIOUS
82.55,35.48,321,2,1,MALICIOUS
89.38,5.52,141,5,2,MALICIOUS
4.52,5.13,111,2,0,BENIGN
84.76,46.4,186,16,0,BENIGN
92.17,32.17,248,2,1,MALICIOUS
13.6,33.35,193,7,0,BENIGN
56.17,15.74,81,4,0,BENIGN
4.67,15.27,130,2,0,BENIGN
93.85,16.73,308,7,4,MALICIOUS
32.91,5.87,61,0,0,BENIGN
7.8,15.12,56,2,0,BENIGN
71.98,27.11,241,2,2,MALICIOUS
29.01,16.2,103,0,0,BENIGN
2.1,3.59,26,0,0,BENIGN
62.77,12.46,123,3,0,BENIGN
29.65,5.1,93,3,0,BENIGN
13.08,33.49,141,11,0,BENIGN
80.48,18.34,126,3,1,MALICIOUS
98.39,15.04,222,8,4,MALICIOUS
2.05,4.45,56,3,0,BENIGN
2.73,11.14,19,0,0,BENIGN
4.27,3.47,19,0,0,BENIGN
18.45,21.04,51,0,0,BENIGN
3.97,23.11,113,0,0,BENIGN
23.24,8.59,122,0,0,BENIGN
92.83,3.09,69,0,0,BENIGN
54.34,26.07,67,3,3,MALICIOUS
4.45,29.71,25,0,0,BENIGN
81.49,21.68,165,4,3,MALICIOUS
53.5,31.06,151,3,0,BENIGN
21.68,5.92,107,2,0,BENIGN
92.55,14.75,144,1,3,MALICIOUS
89.34,24.84,93,0,0,BENIGN
22.87,24.07,140,1,0,BENIGN
3.31,7.37,25,2,0,BENIGN
75.22,34.91,62,2,2,MALICIOUS
63.75,50.15,54,2,0,BENIGN
43.69,19.24,57,2,1,MALICIOUS
27.15,6.38,116,0,0,BENIGN
2.69,11.78,104,4,0,BENIGN
3.52,4.42,38,3,0,BENIGN
11.06,11.66,133,0,0,BENIGN
56.46,17.01,109,3,0,BENIGN
64.53,4.94,131,0,0,BENIGN
99.88,38.54,168,5,1,MALICIOUS
3.9,18.84,109,2,0,BENIGN
14.95,7.76,139,1,0,BENIGN
22.02,9.11,161,9,0,BENIGN
1.52,29.63,123,4,0,BENIGN
3.72,11.69,18,2,0,BENIGN
4.68,26.38,132,3,0,BENIGN
71.78,14.01,180,5,1,MALICIOUS
75.94,37.67,262,2,3,MALICIOUS
4.42,11.72,107,0,0,BENIGN
5.6,2.59,71,0,0,BENIGN
13.72,28.37,19,0,0,BENIGN
80.26,30.52,241,3,4,MALICIOUS
9.61,10.07,108,0,0,BENIGN
93.38,23.48,127,3,4,MALICIOUS
85.59,13.71,97,8,1,MALICIOUS
70.96,44.02,180,8,2,MALICIOUS
3.93,23.44,43,4,0,BENIGN
14.45,21.61,98,2,0,BENIGN
90.72,48.9,299,6,1,MALICIOUS
12.91,31.45,166,5,0,BENIGN
11.54,5.99,28,4,0,BENIGN
0.15,22.88,84,0,0,BENIGN
58.22,8.83,101,2,2,MALICIOUS
0.74,19.67,19,0,0,BENIGN
81.09,4.45,227,7,4,MALICIOUS
11.5,11.03,188,6,0,BENIGN
25.73,14.45,117,2,0,BENIGN
4.46,15.33,57,1,0,BENIGN
84.55,6.8,184,8,2,MALICIOUS
70.6,43.2,87,16,0,BENIGN
65.25,28.77,185,1,0,BENIGN
2.14,16.79,43,0,0,BENIGN
0.6,20.48,86,0,0,BENIGN
70.66,23.85,280,1,2,MALICIOUS
84.73,21.73,218,3,3,MALICIOUS
21.22,17.47,23,1,0,BENIGN
0.94,13.58,114,0,0,BENIGN
20.52,7.1,53,3,0,BENIGN
5.77,2.02,61,1,0,BENIGN
17.19,30.49,45,4,0,BENIGN
4.79,15.64,22,0,0,BENIGN
5.97,15.57,136,0,0,BENIGN
55.5,56.52,181,5,0,BENIGN
62.22,29.43,175,0,0,BENIGN
4.77,7.31,72,0,0,BENIGN
80.35,39.0,221,3,0,BENIGN
84.14,21.98,91,6,3,MALICIOUS
11.46,1.22,40,2,0,BENIGN
4.49,28.82,10,3,0,BENIGN
90.68,7.53,307,3,2,MALICIOUS
79.16,36.45,47,0,0,BENIGN
3.68,16.82,22,0,0,BENIGN
93.32,12.69,89,3,1,MALICIOUS
1.02,8.52,47,3,0,BENIGN
7.85,6.79,64,3,0,BENIGN
30.5,27.87,107,0,0,BENIGN
6.11,11.35,66,1,0,BENIGN
25.81,7.6,111,3,0,BENIGN
70.91,9.83,104,1,3,MALICIOUS
1.42,16.74,73,0,0,BENIGN
57.81,34.69,288,5,2,MALICIOUS
68.5,28.46,51,8,0,BENIGN
20.55,24.04,79,0,0,BENIGN
0.04,15.05,70,3,0,BENIGN
69.11,18.91,252,4,2,MALICIOUS
94.91,40.04,200,8,4,MALICIOUS
13.22,2.79,70,0,0,BENIGN
90.13,18.47,252,6,4,MALICIOUS
79.82,8.02,271,4,4,MALICIOUS
76.17,15.65,146,5,2,MALICIOUS
27.15,17.62,91,3,0,BENIGN
18.78,8.94,21,1,0,BENIGN
77.69,7.35,317,1,1,MALICIOUS
4.97,5.01,82,2,0,BENIGN
77.4,40.43,148,16,0,BENIGN
2.76,5.44,30,2,0,BENIGN
72.11,12.96,214,8,1,MALICIOUS
72.86,6.26,159,4,3,MALICIOUS
76.83,20.7,279,4,1,MALICIOUS
34.03,19.4,151,8,0,BENIGN
84.24,39.57,231,2,4,MALICIOUS
61.62,3.99,67,1,0,BENIGN
25.42,27.57,121,3,0,BENIGN
1.94,25.97,39,0,0,BENIGN
98.59,24.53,94,2,2,MALICIOUS
0.49,19.7,110,0,0,BENIGN
97.53,20.59,315,3,4,MALICIOUS
34.2,11.48,85,3,0,BENIGN
47.08,32.09,128,2,3,MALICIOUS
17.29,16.32,60,1,0,BENIGN
3.22,23.04,130,0,0,BENIGN
3.19,11.03,50,2,0,BENIGN
21.77,5.53,133,0,0,BENIGN
27.07,24.04,66,0,0,BENIGN
49.45,28.44,127,3,0,BENIGN
99.67,26.67,248,2,1,MALICIOUS
5.79,18.35,81,9,0,BENIGN
76.73,54.37,174,7,0,BENIGN
2.11,8.5,73,1,0,BENIGN
81.69,41.05,165,3,2,MALICIOUS
3.28,29.17,68,4,0,BENIGN
79.75,19.82,210,3,1,MALICIOUS
85.77,41.32,311,8,4,MALICIOUS
68.44,42.49,82,3,0,BENIGN
82.47,19.57,133,2,2,MALICIOUS
0.09,8.97,113,3,0,BENIGN
4.24,7.94,100,4,0,BENIGN
72.43,31.75,266,7,3,MALICIOUS
94.01,28.38,127,1,2,MALICIOUS
75.85,33.51,182,8,4,MALICIOUS
3.56,13.42,30,0,0,BENIGN
3.35,17.01,65,0,0,BENIGN
74.5,62.07,163,5,0,BENIGN
31.04,26.6,153,9,0,BENIGN
80.15,38.27,265,6,1,MALICIOUS
1.94,2.72,72,0,0,BENIGN
61.81,39.79,191,5,1,MALICIOUS
88.34,7.61,214,6,4,MALICIOUS
76.65,16.1,140,3,2,MALICIOUS
3.73,16.53,77,0,0,BENIGN
4.25,2.08,45,4,0,BENIGN
93.94,16.12,110,0,0,BENIGN
4.29,29.57,34,0,0,BENIGN
94.67,32.64,319,2,3,MALICIOUS
4.35,18.67,71,0,0,BENIGN
66.3,13.76,105,0,0,BENIGN
76.07,27.87,30,0,0,BENIGN
24.2,28.23,104,2,0,BENIGN
6.53,3.6,89,0,0,BENIGN
0.93,17.66,107,0,0,BENIGN
27.84,7.1,52,0,0,BENIGN
34.74,18.77,101,1,3,MALICIOUS
29.53,12.61,188,3,3,MALICIOUS
76.82,21.45,266,5,3,MALICIOUS
45.95,0.97,89,0,0,BENIGN
94.58,31.96,262,2,3,MALICIOUS
31.84,14.43,178,5,0,BENIGN
5.9,4.41,51,0,0,BENIGN
86.51,9.51,103,5,4,MALICIOUS
77.24,39.69,200,5,1,MALICIOUS
67.41,42.95,173,4,0,BENIGN
27.31,29.59,175,5,0,BENIGN
88.08,34.29,261,2,3,MALICIOUS
91.4,13.27,83,1,4,MALICIOUS
94.97,16.46,297,4,1,MALICIOUS
0.6,25.84,43,0,0,BENIGN
88.72,22.58,152,1,2,MALICIOUS
83.5,21.23,60,4,2,MALICIOUS
0.0,24.5,44,0,0,BENIGN
41.98,22.83,69,4,1,MALICIOUS
6.04,28.46,38,0,0,BENIGN
1.6,13.35,40,0,0,BENIGN
95.92,37.83,162,1,3,MALICIOUS
33.47,28.47,110,1,0,BENIGN
4.21,16.92,97,0,0,BENIGN
25.85,16.03,115,2,0,BENIGN
84.75,9.51,259,8,1,MALICIOUS
25.63,17.47,140,0,0,BENIGN
70.24,13.66,120,2,3,MALICIOUS
82.24,33.2,109,4,1,MALICIOUS
0.64,9.39,20,2,0,BENIGN
48.8,12.76,111,3,3,MALICIOUS
87.26,11.52,91,4,0,BENIGN
93.71,31.47,269,2,3,MALICIOUS
38.89,10.65,202,3,2,MALICIOUS
1.87,29.61,103,2,0,BENIGN
0.96,25.28,107,1,0,BENIGN
46.44,17.56,193,4,1,MALICIOUS
96.28,6.68,133,3,2,MALICIOUS
5.3,26.49,81,2,0,BENIGN
69.06,50.02,111,12,0,BENIGN
3.55,12.22,17,0,0,BENIGN
82.97,4.98,231,5,2,MALICIOUS
97.05,9.17,320,5,3,MALICIOUS
65.13,36.52,59,4,0,BENIGN
1.45,11.95,43,0,0,BENIGN
15.44,23.64,121,1,0,BENIGN
85.08,4.77,152,1,3,MALICIOUS
93.21,26.45,326,8,2,MALICIOUS
86.73,24.41,192,6,3,MALICIOUS
90.16,44.33,270,5,4,MALICIOUS
52.2,49.15,109,0,0,BENIGN
85.11,19.28,122,0,0,BENIGN
1.41,14.72,100,2,0,BENIGN
67.41,55.46,189,7,0,BENIGN
1.72,21.22,45,1,0,BENIGN
56.61,25.18,191,3,0,BENIGN
30.28,26.09,131,3,0,BENIGN
82.38,12.71,324,7,2,MALICIOUS
19.42,16.74,90,3,0,BENIGN
73.92,19.02,73,6,4,MALICIOUS
85.54,19.29,308,7,3,MALICIOUS
28.16,10.63,98,10,0,BENIGN
0.58,10.14,49,0,0,BENIGN
3.25,7.64,39,0,0,BENIGN
80.62,22.69,145,3,3,MALICIOUS
7.96,12.69,44,0,0,BENIGN
7.62,27.96,109,0,0,BENIGN
51.35,14.48,140,1,3,MALICIOUS
4.93,5.59,31,2,0,BENIGN
14.78,14.16,51,0,0,BENIGN
90.64,34.0,80,3,1,MALICIOUS
93.29,13.39,327,3,1,MALICIOUS
93.41,41.72,165,4,2,MALICIOUS
3.97,3.82,25,2,0,BENIGN
89.14,31.7,296,7,3,MALICIOUS
4.56,10.4,100,3,0,BENIGN
19.68,22.15,30,0,0,BENIGN
1.06,19.26,15,0,0,BENIGN
5.27,14.1,49,0,0,BENIGN
1.65,14.08,25,0,0,BENIGN
85.1,32.89,66,4,1,MALICIOUS
11.04,26.65,65,2,0,BENIGN
1.46,7.71,56,0,0,BENIGN
23.99,24.42,113,2,0,BENIGN
62.48,5.83,11,0,0,BENIGN
2.95,15.23,137,0,0,BENIGN
32.84,1.87,86,0,0,BENIGN
2.43,11.79,113,4,0,BENIGN
8.51,15.4,99,0,0,BENIGN
98.9,28.5,63,5,4,MALICIOUS
27.96,8.54,40,0,0,BENIGN
8.9,33.05,119,3,0,BENIGN
4.62,23.52,115,2,0,BENIGN
73.44,34.11,121,5,4,MALICIOUS
86.02,4.24,119,1,2,MALICIOUS
79.56,25.75,132,5,1,MALICIOUS
84.17,25.02,136,7,2,MALICIOUS
76.03,15.65,172,5,2,MALICIOUS
53.27,16.86,136,4,2,MALICIOUS
58.57,19.47,142,4,0,BENIGN
98.82,23.92,70,1,1,MALICIOUS
3.06,12.26,28,0,0,BENIGN
95.62,39.92,187,3,4,MALICIOUS
7.34,6.32,46,0,0,BENIGN
92.98,24.65,227,7,4,MALICIOUS
4.45,2.84,130,1,0,BENIGN
0.2,8.86,90,0,0,BENIGN
4.54,15.59,100,3,0,BENIGN
2.05,4.98,137,4,0,BENIGN
78.13,20.84,144,4,2,MALICIOUS
42.39,33.73,211,3,2,MALICIOUS
79.01,19.99,114,6,4,MALICIOUS
99.66,32.41,189,8,1,MALICIOUS
52.15,19.08,120,4,1,MALICIOUS
75.53,11.19,138,3,2,MALICIOUS
3.08,17.69,72,0,0,BENIGN
59.65,46.68,82,3,0,BENIGN
2.2,8.05,78,0,0,BENIGN
33.99,16.98,72,4,0,BENIGN
4.07,10.97,94,4,0,BENIGN
4.47,28.66,78,1,0,BENIGN
31.19,26.12,129,3,3,MALICIOUS
60.46,22.94,45,0,0,BENIGN
83.37,22.75,122,1,0,BENIGN
84.08,8.69,146,2,1,MALICIOUS
96.52,12.63,306,2,4,MALICIOUS
96.46,13.76,122,6,3,MALICIOUS
20.84,15.08,123,1,0,BENIGN
88.55,30.17,237,3,1,MALICIOUS
12.21,9.85,54,0,0,BENIGN
2.16,10.41,73,0,0,BENIGN
79.17,24.06,54,3,4,MALICIOUS
25.35,7.95,54,0,0,BENIGN
37.38,8.6,165,4,2,MALICIOUS
4.14,1.46,72,0,0,BENIGN
89.14,32.42,298,4,2,MALICIOUS
49.84,12.13,117,4,2,MALICIOUS
0.06,8.67,132,0,0,BENIGN
12.52,18.11,82,1,0,BENIGN
96.04,21.12,218,8,3,MALICIOUS
98.95,26.94,151,5,2,MALICIOUS
79.6,38.04,92,4,4,MALICIOUS
87.29,12.73,299,5,4,MALICIOUS
97.53,38.9,303,6,2,MALICIOUS
73.41,23.09,274,3,3,MALICIOUS
78.57,44.23,122,7,3,MALICIOUS
85.52,39.15,207,7,3,MALICIOUS
50.02,21.59,151,2,3,MALICIOUS
42.31,10.27,134,2,2,MALICIOUS
65.04,35.82,243,4,3,MALICIOUS
2.74,2.74,63,3,0,BENIGN
42.98,19.67,35,0,0,BENIGN
20.89,10.98,38,0,0,BENIGN
3.66,10.69,45,4,0,BENIGN
0.75,25.25,96,2,0,BENIGN
71.8,28.36,171,2,1,MALICIOUS
99.18,27.61,130,6,2,MALICIOUS
89.26,41.74,215,4,0,BENIGN
83.27,50.64,340,6,3,MALICIOUS
10.81,10.84,22,3,0,BENIGN
80.04,16.42,88,2,3,MALICIOUS
4.59,10.62,68,0,0,BENIGN
39.73,18.92,213,3,1,MALICIOUS
89.29,7.49,87,4,4,MALICIOUS
42.67,28.99,177,4,1,MALICIOUS
1.63,14.73,100,3,0,BENIGN
78.66,5.95,265,4,1,MALICIOUS
87.69,43.0,225,3,1,MALICIOUS
16.16,5.43,70,0,0,BENIGN
1.81,12.32,90,1,0,BENIGN
99.86,24.16,113,7,4,MALICIOUS
93.67,29.92,252,3,1,MALICIOUS
1.22,0.58,71,2,0,BENIGN
23.33,22.25,63,3,0,BENIGN
2.27,6.3,23,3,0,BENIGN
0.68,2.41,54,4,0,BENIGN
19.74,4.38,90,1,0,BENIGN
96.1,31.33,234,3,1,MALICIOUS
84.44,37.77,277,6,2,MALICIOUS
37.05,11.96,60,2,0,BENIGN
97.17,5.77,214,1,1,MALICIOUS
1.59,24.3,66,1,0,BENIGN
0.34,3.13,134,3,0,BENIGN
56.37,8.81,63,4,0,BENIGN
93.16,14.2,146,1,2,MALICIOUS
35.39,9.7,59,2,0,BENIGN
23.17,4.0,36,0,0,BENIGN
50.8,22.06,29,1,0,BENIGN
92.06,28.43,208,1,4,MALICIOUS
62.56,34.26,131,2,2,MALICIOUS
1.63,8.05,88,1,0,BENIGN
9.26,5.62,90,2,0,BENIGN
3.92,24.0,83,1,0,BENIGN
75.11,23.76,108,4,0,BENIGN
2.38,16.58,77,0,0,BENIGN
1.53,12.28,138,3,0,BENIGN
92.16,41.92,150,3,1,MALICIOUS
64.19,31.14,130,2,1,MALICIOUS
0.79,9.49,93,1,0,BENIGN
0.45,15.45,35,2,0,BENIGN
56.98,26.98,84,3,3,MALICIOUS
2.2,17.47,43,0,0,BENIGN
27.4,17.43,21,0,0,BENIGN
1.33,28.01,27,3,0,BENIGN
0.99,6.15,77,2,0,BENIGN
80.33,49.77,240,1,3,MALICIOUS
6.11,1.63,38,0,0,BENIGN
8.7,13.19,87,0,0,BENIGN
74.05,16.13,106,1,4,MALICIOUS
22.74,5.4,68,3,0,BENIGN
90.73,12.45,198,8,4,MALICIOUS
11.13,8.25,187,10,0,BENIGN
2.97,6.42,63,0,0,BENIGN
78.05,15.77,142,5,2,MALICIOUS
4.65,25.21,95,2,0,BENIGN
7.98,6.58,20,0,0,BENIGN
90.83,14.39,299,2,4,MALICIOUS
63.01,16.03,106,2,0,BENIGN
21.27,29.06,159,11,0,BENIGN
95.98,29.75,303,2,3,MALICIOUS
95.66,19.93,261,5,3,MALICIOUS
32.77,16.3,82,0,0,BENIGN
70.43,20.98,42,4,0,BENIGN
7.32,6.7,75,1,0,BENIGN
0.39,25.36,35,0,0,BENIGN
0.53,27.62,136,1,0,BENIGN
79.33,39.15,139,3,1,MALICIOUS
89.72,16.46,104,0,0,BENIGN
31.58,27.95,87,8,0,BENIGN
90.38,53.46,147,8,1,MALICIOUS
1.47,11.2,23,0,0,BENIGN
8.3,16.77,28,4,0,BENIGN
75.93,7.43,288,2,4,MALICIOUS
28.41,3.5,95,0,0,BENIGN
11.2,14.97,20,4,0,BENIGN
27.14,3.05,34,0,0,BENIGN
16.26,18.61,133,1,0,BENIGN
1.64,19.85,49,0,0,BENIGN
2.85,6.0,83,0,0,BENIGN
79.31,11.67,123,0,0,BENIGN
7.86,13.81,50,1,0,BENIGN
14.72,28.63,116,2,0,BENIGN
2.15,15.81,77,1,0,BENIGN
14.12,20.24,109,3,0,BENIGN
33.57,24.72,171,5,0,BENIGN
7.67,22.24,72,2,0,BENIGN
27.53,31.11,129,12,0,BENIGN
83.75,27.26,216,3,3,MALICIOUS
99.39,37.02,179,6,3,MALICIOUS
2.36,29.62,28,0,0,BENIGN
4.5,21.14,34,0,0,BENIGN
78.85,24.41,318,5,3,MALICIOUS
85.23,22.63,344,8,2,MALICIOUS
97.12,30.44,74,2,3,MALICIOUS
1.83,19.59,19,0,0,BENIGN
22.19,29.49,47,0,0,BENIGN
70.34,15.47,135,7,4,MALICIOUS
4.76,12.76,30,0,0,BENIGN
46.91,0.55,14,0,0,BENIGN
77.91,38.72,110,5,0,BENIGN
6.31,1.14,76,4,0,BENIGN
21.61,25.73,127,1,0,BENIGN
2.73,12.66,43,4,0,BENIGN
43.21,26.27,155,15,0,BENIGN
79.18,20.68,102,4,2,MALICIOUS
15.41,22.04,36,3,0,BENIGN
97.03,15.58,77,2,1,MALICIOUS
57.74,27.22,187,5,0,BENIGN
3.32,2.75,102,0,0,BENIGN
78.39,30.39,80,7,3,MALICIOUS
22.65,6.31,41,1,0,BENIGN
24.89,16.27,99,0,0,BENIGN
17.53,13.79,118,4,0,BENIGN
9.47,8.14,110,0,0,BENIGN
72.31,18.95,200,4,0,BENIGN
72.17,44.16,162,7,2,MALICIOUS
6.82,12.57,80,4,0,BENIGN
56.28,52.34,210,7,0,BENIGN
84.12,63.28,150,2,0,BENIGN
1.71,3.59,112,3,0,BENIGN
21.2,29.39,82,0,0,BENIGN
4.33,4.96,93,3,0,BENIGN
14.42,4.08,27,1,0,BENIGN
88.49,1.39,92,0,0,BENIGN
98.92,39.75,196,5,3,MALICIOUS
72.05,13.56,213,4,3,MALICIOUS
98.35,41.85,177,2,4,MALICIOUS
3.2,16.22,49,0,0,BENIGN
2.94,14.38,114,0,0,BENIGN
93.52,41.99,110,2,1,MALICIOUS
12.36,14.23,127,0,0,BENIGN
3.23,27.26,32,2,0,BENIGN
81.35,40.49,93,3,1,MALICIOUS
97.6,15.33,278,6,3,MALICIOUS
32.57,25.36,92,0,0,BENIGN
4.55,1.85,41,0,0,BENIGN
6.49,19.07,41,4,0,BENIGN
15.81,23.56,91,0,0,BENIGN
79.07,23.0,302,7,1,MALICIOUS
11.93,16.43,94,1,0,BENIGN
50.03,31.0,101,1,1,MALICIOUS
25.08,11.02,60,5,0,BENIGN
2.41,18.21,138,4,0,BENIGN
0.39,19.38,64,0,0,BENIGN
21.61,13.61,100,0,0,BENIGN
83.2,43.27,152,6,4,MALICIOUS
28.16,18.77,22,1,0,BENIGN
76.53,40.4,272,8,3,MALICIOUS
1.63,9.37,27,1,0,BENIGN
21.7,0.76,94,3,0,BENIGN
24.45,2.16,34,0,0,BENIGN
22.95,5.22,84,0,0,BENIGN
4.23,25.56,82,0,0,BENIGN
3.92,14.23,77,0,0,BENIGN
1.03,6.37,25,0,0,BENIGN
94.32,9.11,118,4,0,BENIGN
1.52,12.19,79,0,0,BENIGN
92.94,15.66,91,1,1,MALICIOUS
1.06,9.28,36,1,0,BENIGN
89.58,34.15,67,4,2,MALICIOUS
54.42,24.57,206,4,1,MALICIOUS
90.15,20.94,310,7,1,MALICIOUS
82.27,11.77,135,6,3,MALICIOUS
4.55,1.64,69,0,0,BENIGN
81.95,15.49,88,6,0,BENIGN
28.27,23.96,221,3,1,MALICIOUS
24.91,8.25,45,0,0,BENIGN
27.82,13.35,65,1,0,BENIGN
91.37,43.02,180,16,0,BENIGN
75.23,16.49,120,4,2,MALICIOUS
12.22,14.86,25,2,0,BENIGN
81.41,14.85,225,4,1,MALICIOUS
64.62,41.95,84,10,0,BENIGN
81.39,36.28,116,6,2,MALICIOUS
37.24,5.29,190,1,3,MALICIOUS
87.66,11.53,126,3,0,BENIGN
81.9,55.83,103,15,0,BENIGN
40.85,50.81,79,6,0,BENIGN
40.84,4.5,49,0,0,BENIGN
25.75,9.0,18,0,0,BENIGN
3.14,26.78,95,0,0,BENIGN
0.58,13.44,41,0,0,BENIGN
0.26,28.24,132,0,0,BENIGN
81.07,24.5,54,2,4,MALICIOUS
6.56,11.03,89,0,0,BENIGN
33.02,1.28,111,2,0,BENIGN
4.35,7.33,96,2,0,BENIGN
82.81,12.31,134,6,1,MALICIOUS
2.56,6.26,49,0,0,BENIGN
87.98,44.24,258,3,3,MALICIOUS
9.96,29.72,86,0,0,BENIGN
97.24,11.52,108,7,1,MALICIOUS
0.04,27.68,132,0,0,BENIGN
4.7,18.34,118,0,0,BENIGN
1.37,22.92,96,0,0,BENIGN
96.33,8.88,290,6,4,MALICIOUS
53.38,35.0,197,0,0,BENIGN
4.32,27.09,52,0,0,BENIGN
62.39,14.64,105,2,0,BENIGN
94.25,15.69,177,6,1,MALICIOUS
4.09,6.15,105,0,0,BENIGN
80.93,21.88,314,2,2,MALICIOUS
78.79,30.2,99,4,2,MALICIOUS
12.67,5.75,102,3,0,BENIGN
4.84,17.46,25,1,0,BENIGN
2.96,14.9,60,2,0,BENIGN
19.53,1.12,52,4,0,BENIGN
88.51,16.85,230,2,4,MALICIOUS
23.88,4.71,115,4,0,BENIGN
1.37,3.41,61,0,0,BENIGN
98.85,47.58,272,4,1,MALICIOUS
63.06,17.47,58,1,2,MALICIOUS
16.36,25.5,109,5,0,BENIGN
99.06,36.68,164,2,4,MALICIOUS
1.16,18.14,60,4,0,BENIGN
6.42,25.92,72,0,0,BENIGN
16.05,11.61,18,4,0,BENIGN
2.95,18.83,107,0,0,BENIGN
74.98,33.85,277,7,2,MALICIOUS
83.3,30.3,257,2,1,MALICIOUS
93.69,47.23,217,4,2,MALICIOUS
82.08,16.97,259,4,4,MALICIOUS
75.89,17.03,88,6,4,MALICIOUS
91.33,36.44,147,5,1,MALICIOUS
1.04,20.88,120,4,0,BENIGN
78.26,35.06,146,6,2,MALICIOUS
73.49,7.33,50,0,0,BENIGN
5.53,24.57,173,2,0,BENIGN
33.11,34.28,95,2,0,BENIGN
0.49,11.46,84,2,0,BENIGN
13.02,18.77,111,3,0,BENIGN
67.68,33.81,74,1,0,BENIGN
1.09,22.63,131,1,0,BENIGN
3.22,12.22,70,0,0,BENIGN
88.52,28.62,136,2,3,MALICIOUS
2.5,17.9,13,3,0,BENIGN
2.82,18.39,52,0,0,BENIGN
92.03,13.81,221,3,4,MALICIOUS
74.86,41.83,87,6,3,MALICIOUS
22.92,22.56,152,4,0,BENIGN
6.71,3.56,71,0,0,BENIGN
1.59,2.41,129,3,0,BENIGN
36.81,25.24,58,1,3,MALICIOUS
7.51,9.04,36,0,0,BENIGN
3.08,20.33,67,4,0,BENIGN
80.15,51.03,276,4,4,MALICIOUS
1.24,3.08,84,4,0,BENIGN
85.11,42.14,299,3,1,MALICIOUS
75.55,28.89,232,1,2,MALICIOUS
4.79,6.23,43,3,0,BENIGN
11.6,13.76,71,12,0,BENIGN
42.95,13.23,29,0,0,BENIGN
8.36,3.35,125,0,0,BENIGN
84.96,12.28,252,4,1,MALICIOUS
15.84,7.99,137,0,0,BENIGN
7.04,1.06,61,4,0,BENIGN
80.82,21.64,174,1,3,MALICIOUS
90.12,40.31,263,3,2,MALICIOUS
57.51,42.88,304,3,1,MALICIOUS
74.54,30.25,79,7,3,MALICIOUS
3.63,25.16,135,4,0,BENIGN
3.77,6.92,111,3,0,BENIGN
28.36,27.42,123,0,0,BENIGN
18.74,10.36,23,4,0,BENIGN
77.98,1.67,131,3,0,BENIGN
16.17,1.49,119,0,0,BENIGN
83.17,41.95,80,3,1,MALICIOUS
71.89,41.79,199,5,4,MALICIOUS
80.77,12.88,77,4,4,MALICIOUS
32.92,12.62,127,4,2,MALICIOUS
72.67,28.79,252,3,1,MALICIOUS
89.29,40.39,286,6,4,MALICIOUS
11.18,4.77,101,3,0,BENIGN
11.75,6.86,88,0,0,BENIGN
4.31,16.6,22,1,0,BENIGN
93.23,47.28,247,3,2,MALICIOUS
22.75,26.12,122,0,0,BENIGN
0.54,3.22,21,0,0,BENIGN
89.58,40.6,273,3,4,MALICIOUS
74.5,4.7,27,0,0,BENIGN
82.19,8.66,158,1,2,MALICIOUS
13.86,20.4,134,1,0,BENIGN
2.84,2.55,134,2,0,BENIGN
2.3,4.85,77,0,0,BENIGN
21.06,18.08,100,3,0,BENIGN
1.8,16.9,75,0,0,BENIGN
4.51,21.49,138,0,0,BENIGN
28.09,3.11,102,0,0,BENIGN
91.59,12.87,233,5,3,MALICIOUS
23.23,23.76,67,4,0,BENIGN
72.74,20.79,199,7,2,MALICIOUS
87.51,30.09,285,8,4,MALICIOUS
78.02,7.11,102,5,1,MALICIOUS
69.98,32.95,111,4,3,MALICIOUS
2.07,18.7,50,4,0,BENIGN
7.63,16.86,94,1,0,BENIGN
6.87,16.85,21,2,0,BENIGN
28.24,4.09,44,0,0,BENIGN
30.37,29.24,16,3,0,BENIGN
5.83,8.37,20,2,0,BENIGN
79.21,34.25,315,6,3,MALICIOUS
73.96,32.89,120,4,4,MALICIOUS
0.01,20.21,38,4,0,BENIGN
45.92,37.48,74,2,2,MALICIOUS
21.64,31.33,75,9,0,BENIGN
3.38,7.28,123,4,0,BENIGN
87.06,24.25,159,3,1,MALICIOUS
82.61,22.4,88,7,4,MALICIOUS
83.49,17.51,226,4,2,MALICIOUS
72.41,35.31,199,3,4,MALICIOUS
95.71,10.57,284,6,4,MALICIOUS
92.24,38.2,55,3,0,BENIGN
83.01,10.9,134,0,0,BENIGN
68.17,42.24,38,4,0,BENIGN
25.48,16.59,128,2,0,BENIGN
93.26,44.83,243,3,1,MALICIOUS
63.63,32.78,199,3,3,MALICIOUS
2.38,27.6,50,0,0,BENIGN
85.23,39.98,219,1,2,MALICIOUS
93.82,36.79,142,4,3,MALICIOUS
74.71,12.55,175,2,3,MALICIOUS
19.18,16.22,65,1,0,BENIGN
89.03,18.46,139,0,0,BENIGN
23.91,29.62,133,3,0,BENIGN
28.05,11.03,113,1,1,MALICIOUS
61.54,35.84,278,3,3,MALICIOUS
3.15,2.23,48,0,0,BENIGN
1.46,20.85,114,2,0,BENIGN
9.8,5.38,29,0,0,BENIGN
97.54,10.68,171,3,2,MALICIOUS
86.06,27.2,133,2,4,MALICIOUS
6.5,11.41,105,12,0,BENIGN
2.8,19.2,12,3,0,BENIGN
9.02,15.75,25,3,0,BENIGN
98.29,37.35,196,5,4,MALICIOUS
7.66,17.86,82,3,0,BENIGN
82.8,23.17,269,6,4,MALICIOUS
4.59,11.75,96,1,0,BENIGN
4.18,15.09,14,2,0,BENIGN
89.39,43.13,138,2,3,MALICIOUS
27.3,17.9,19,0,0,BENIGN
4.82,16.93,63,1,0,BENIGN
84.76,43.27,216,6,1,MALICIOUS
7.48,1.1,79,0,0,BENIGN
25.25,15.94,116,2,0,BENIGN
28.04,20.68,60,6,0,BENIGN
1.08,4.12,39,2,0,BENIGN
25.86,9.81,39,4,0,BENIGN
93.81,30.71,214,5,4,MALICIOUS
0.67,12.5,86,3,0,BENIGN
59.44,41.09,95,3,0,BENIGN
90.22,13.91,159,6,2,MALICIOUS
92.35,14.64,59,4,0,BENIGN
28.6,24.07,23,0,0,BENIGN
1.69,8.99,59,0,0,BENIGN
83.86,52.98,188,7,3,MALICIOUS
34.77,7.04,192,1,3,MALICIOUS
99.15,35.96,187,2,2,MALICIOUS
62.48,33.5,132,13,0,BENIGN
3.67,6.94,98,0,0,BENIGN
5.69,7.94,41,2,0,BENIGN
7.88,24.11,129,0,0,BENIGN
0.26,4.43,80,0,0,BENIGN
17.22,6.17,13,1,0,BENIGN
78.5,18.21,266,7,1,MALICIOUS
86.8,42.18,165,1,2,MALICIOUS
74.2,5.81,125,5,4,MALICIOUS
19.9,11.35,20,0,0,BENIGN
0.92,20.86,140,0,0,BENIGN
19.29,4.53,121,0,0,BENIGN
62.56,11.03,102,1,2,MALICIOUS
87.63,23.25,89,0,0,BENIGN
76.81,13.98,197,3,3,MALICIOUS
90.9,33.62,171,8,4,MALICIOUS
87.83,29.24,92,4,4,MALICIOUS
0.81,28.61,10,0,0,BENIGN
25.63,27.65,43,2,0,BENIGN
79.33,37.53,303,3,3,MALICIOUS
6.67,6.85,21,1,0,BENIGN
72.86,14.46,182,7,1,MALICIOUS
0.33,27.41,90,0,0,BENIGN
6.41,22.39,107,0,0,BENIGN
1.22,29.07,131,2,0,BENIGN
96.71,21.1,302,2,4,MALICIOUS
89.8,25.32,312,8,2,MALICIOUS
84.67,41.2,312,8,1,MALICIOUS
50.54,9.35,183,2,2,MALICIOUS
8.53,26.57,78,3,0,BENIGN
81.92,39.21,186,1,3,MALICIOUS
3.84,18.08,103,1,0,BENIGN
56.81,20.33,104,1,2,MALICIOUS
66.01,20.51,89,2,0,BENIGN
1.84,18.26,39,2,0,BENIGN
81.2,32.94,182,3,3,MALICIOUS
79.17,28.82,226,4,1,MALICIOUS
3.86,17.74,138,0,0,BENIGN
90.47,13.31,170,4,3,MALICIOUS
15.89,22.36,116,1,0,BENIGN
76.86,19.25,207,1,2,MALICIOUS
32.16,4.79,97,3,0,BENIGN
4.29,13.51,62,1,0,BENIGN
3.42,15.02,61,4,0,BENIGN
85.85,16.23,210,6,4,MALICIOUS
34.48,11.77,54,0,0,BENIGN
82.01,25.05,309,4,1,MALICIOUS
75.32,26.91,94,4,2,MALICIOUS
6.56,22.27,112,0,0,BENIGN
70.97,36.38,202,3,1,MALICIOUS
87.04,18.53,139,0,0,BENIGN
90.38,8.55,66,2,0,BENIGN
77.57,33.07,129,6,4,MALICIOUS
92.47,13.39,229,6,2,MALICIOUS
0.57,23.3,103,0,0,BENIGN
0.71,2.02,14,0,0,BENIGN
0.56,11.02,88,0,0,BENIGN
28.71,11.56,35,0,0,BENIGN
3.65,17.37,30,3,0,BENIGN
86.02,14.13,277,6,1,MALICIOUS
4.66,8.37,102,0,0,BENIGN
19.87,22.68,124,3,0,BENIGN
4.74,27.56,113,0,0,BENIGN
2.04,23.12,117,0,0,BENIGN
76.56,32.68,130,2,2,MALICIOUS
5.53,14.55,15,1,0,BENIGN
95.26,20.68,122,8,4,MALICIOUS
1.38,16.79,54,4,0,BENIGN
97.4,8.78,127,1,4,MALICIOUS
16.0,12.09,20,2,0,BENIGN
27.92,5.42,123,2,0,BENIGN
68.41,0.49,77,0,0,BENIGN
26.56,6.27,77,0,0,BENIGN
0.21,6.36,102,0,0,BENIGN
20.78,26.7,44,4,0,BENIGN
45.59,17.56,255,4,0,BENIGN
1.83,5.88,98,0,0,BENIGN
73.34,27.35,291,5,1,MALICIOUS
85.43,9.57,75,2,3,MALICIOUS
3.69,7.65,82,2,0,BENIGN
73.58,44.74,124,8,3,MALICIOUS
5.64,13.19,68,0,0,BENIGN
7.68,11.21,95,2,0,BENIGN
1.4,26.53,18,2,0,BENIGN
1.84,11.49,27,1,0,BENIGN
56.77,14.8,50,0,0,BENIGN
42.79,27.74,120,4,0,BENIGN
87.79,26.29,49,4,0,BENIGN
0.1,1.68,15,0,0,BENIGN
8.17,11.85,72,1,0,BENIGN
2.63,0.22,61,3,0,BENIGN
3.76,11.08,112,0,0,BENIGN
87.77,18.02,162,3,4,MALICIOUS
27.01,19.65,102,0,0,BENIGN
68.75,22.29,199,1,1,MALICIOUS
31.91,25.89,133,0,0,BENIGN
27.5,31.39,96,7,0,BENIGN
10.83,21.54,142,7,0,BENIGN
54.59,23.57,126,0,0,BENIGN
22.2,14.3,54,0,0,BENIGN
87.62,44.42,253,7,3,MALICIOUS
3.32,10.04,90,1,0,BENIGN
2.53,25.57,81,0,0,BENIGN
84.13,15.44,142,3,1,MALICIOUS
25.37,13.26,42,0,0,BENIGN
71.0,16.98,58,4,0,BENIGN
99.01,25.22,134,1,2,MALICIOUS
36.68,10.69,84,11,0,BENIGN
83.58,27.87,50,7,0,BENIGN
96.31,7.31,63,3,1,MALICIOUS
4.01,10.96,98,2,0,BENIGN
94.65,9.92,125,8,4,MALICIOUS
75.32,35.23,222,8,1,MALICIOUS
0.7,15.49,96,0,0,BENIGN
33.57,19.61,58,0,0,BENIGN
20.06,25.03,100,0,0,BENIGN
1.69,7.91,94,1,0,BENIGN
5.47,12.22,84,1,0,BENIGN
19.33,23.83,110,3,0,BENIGN
3.17,25.07,26,0,0,BENIGN
77.03,8.34,225,3,1,MALICIOUS
24.64,7.58,18,0,0,BENIGN
9.34,13.93,44,2,0,BENIGN
58.94,45.61,48,3,0,BENIGN
83.8,16.15,226,2,1,MALICIOUS
31.01,19.27,104,11,0,BENIGN
6.35,13.01,102,0,0,BENIGN
96.77,22.54,180,7,2,MALICIOUS
97.71,21.95,294,2,1,MALICIOUS
1.97,8.08,41,0,0,BENIGN
10.88,14.84,46,0,0,BENIGN
90.32,6.42,226,3,1,MALICIOUS
91.36,48.76,330,6,1,MALICIOUS
73.57,41.0,287,8,4,MALICIOUS
15.81,4.22,20,0,0,BENIGN
3.69,20.74,119,0,0,BENIGN
6.26,19.8,108,3,0,BENIGN
16.08,3.84,20,0,0,BENIGN
80.83,18.9,162,5,4,MALICIOUS
93.63,17.43,87,5,2,MALICIOUS
82.78,52.12,204,2,2,MALICIOUS
1.12,12.33,19,1,0,BENIGN
1.26,7.55,136,0,0,BENIGN
5.56,7.79,79,0,0,BENIGN
70.19,12.2,216,6,1,MALICIOUS
6.0,8.62,58,4,0,BENIGN
70.68,22.43,184,4,3,MALICIOUS
75.17,36.04,72,1,0,BENIGN
47.42,27.36,211,2,2,MALICIOUS
26.37,16.08,123,11,0,BENIGN
73.0,18.15,242,7,3,MALICIOUS
11.06,20.66,68,6,0,BENIGN
0.77,20.92,12,0,0,BENIGN
82.62,34.25,70,5,2,MALICIOUS
4.42,19.36,46,0,0,BENIGN
3.07,11.1,137,0,0,BENIGN
95.35,40.1,225,5,2,MALICIOUS
57.6,24.81,105,0,0,BENIGN
99.34,13.78,118,8,2,MALICIOUS
75.69,14.6,62,5,0,BENIGN
40.18,31.02,117,16,0,BENIGN
95.28,45.71,231,8,1,MALICIOUS
91.76,11.76,152,7,2,MALICIOUS
2.17,13.72,77,2,0,BENIGN
3.89,15.11,85,1,0,BENIGN
9.38,8.11,124,0,0,BENIGN
31.08,14.4,83,7,0,BENIGN
6.09,2.59,55,4,0,BENIGN
4.16,2.98,34,3,0,BENIGN
1.06,5.37,45,0,0,BENIGN
84.95,35.86,224,5,3,MALICIOUS
46.67,4.17,128,3,0,BENIGN
16.81,34.0,53,2,0,BENIGN
2.26,1.9,83,0,0,BENIGN
53.32,18.88,80,4,2,MALICIOUS
53.89,25.14,194,3,3,MALICIOUS
23.75,17.62,11,0,0,BENIGN
68.1,53.15,113,5,0,BENIGN
7.61,12.97,128,0,0,BENIGN
19.3,24.0,154,5,0,BENIGN
78.99,44.97,66,5,0,BENIGN
92.45,26.39,57,1,0,BENIGN
90.59,37.9,204,4,1,MALICIOUS
83.68,29.84,235,5,2,MALICIOUS
41.43,21.97,110,1,3,MALICIOUS
76.04,28.84,111,7,4,MALICIOUS
45.93,11.62,121,4,0,BENIGN
69.15,25.69,82,4,1,MALICIOUS
1.29,11.76,113,0,0,BENIGN
3.48,9.01,60,1,0,BENIGN
94.52,33.77,95,6,2,MALICIOUS
19.68,19.0,55,0,0,BENIGN
0.36,14.23,71,1,0,BENIGN
83.47,27.47,62,8,3,MALICIOUS
67.38,16.95,50,2,0,BENIGN
64.69,20.42,20,0,0,BENIGN
84.79,43.8,245,8,4,MALICIOUS
73.31,13.77,234,1,3,MALICIOUS
4.04,10.43,20,0,0,BENIGN
72.33,56.16,200,0,0,BENIGN
4.02,20.61,86,0,0,BENIGN
89.43,30.64,283,4,1,MALICIOUS
14.1,16.53,10,0,0,BENIGN
24.72,8.89,16,0,0,BENIGN
93.48,36.43,93,3,4,MALICIOUS
51.05,9.56,111,3,0,BENIGN
4.6,5.53,19,0,0,BENIGN
37.12,27.92,111,4,0,BENIGN
76.38,24.7,222,6,3,MALICIOUS
48.27,26.04,95,4,1,MALICIOUS
92.78,20.68,119,3,1,MALICIOUS
97.91,28.87,56,6,2,MALICIOUS
88.05,33.37,306,5,4,MALICIOUS
2.09,12.51,62,0,0,BENIGN
59.17,54.6,150,1,0,BENIGN
73.12,21.55,278,4,2,MALICIOUS
1.27,25.2,34,0,0,BENIGN
80.34,26.18,102,5,2,MALICIOUS
91.62,29.01,113,7,4,MALICIOUS
2.89,18.18,94,1,0,BENIGN
93.56,30.61,99,1,4,MALICIOUS
34.92,20.3,197,3,0,BENIGN
82.88,42.62,273,4,4,MALICIOUS
96.94,9.94,69,3,4,MALICIOUS
2.59,27.42,40,0,0,BENIGN
16.27,25.56,57,5,0,BENIGN
5.27,7.17,105,1,0,BENIGN
88.79,11.94,191,0,0,BENIGN
12.75,11.12,28,0,0,BENIGN
92.88,14.1,265,1,4,MALICIOUS
83.38,17.16,64,6,1,MALICIOUS
80.81,39.84,210,1,2,MALICIOUS
1.76,20.45,60,0,0,BENIGN
98.05,30.28,86,6,4,MALICIOUS
4.59,14.28,45,4,0,BENIGN
70.23,21.84,99,0,0,BENIGN
59.39,29.94,80,1,0,BENIGN
3.06,7.94,77,0,0,BENIGN
77.55,34.55,200,4,2,MALICIOUS
4.28,4.62,73,4,0,BENIGN
4.5,0.28,47,3,0,BENIGN
82.27,38.17,52,2,0,BENIGN
82.6,40.32,215,6,3,MALICIOUS
4.22,7.45,112,0,0,BENIGN
86.98,25.77,278,4,3,MALICIOUS
92.54,35.2,224,6,3,MALICIOUS
49.42,14.12,161,3,2,MALICIOUS
96.35,18.64,141,3,1,MALICIOUS
93.91,17.23,114,6,4,MALICIOUS
59.09,57.73,71,3,0,BENIGN
98.1,36.93,178,2,3,MALICIOUS
78.91,5.96,99,1,1,MALICIOUS
9.9,34.94,191,6,0,BENIGN
51.33,26.55,206,1,1,MALICIOUS
78.88,26.23,61,5,4,MALICIOUS
84.81,19.78,293,5,4,MALICIOUS
83.19,21.05,63,4,4,MALICIOUS
9.66,6.7,111,2,0,BENIGN
51.06,6.41,139,2,3,MALICIOUS
4.77,5.84,35,0,0,BENIGN
27.61,12.51,108,0,0,BENIGN
86.7,6.14,180,8,3,MALICIOUS
79.19,13.85,250,3,4,MALICIOUS
89.31,31.24,198,4,4,MALICIOUS
9.19,8.96,66,0,0,BENIGN
3.13,3.36,70,1,0,BENIGN
61.87,24.64,221,5,1,MALICIOUS
44.77,3.19,41,0,0,BENIGN
71.31,18.01,297,4,2,MALICIOUS
88.47,40.77,218,4,4,MALICIOUS
70.46,18.14,217,8,1,MALICIOUS
12.83,14.59,46,1,0,BENIGN
73.7,43.37,90,5,2,MALICIOUS
76.14,34.84,181,8,4,MALICIOUS
43.35,14.47,112,0,0,BENIGN
88.53,43.93,244,7,3,MALICIOUS
95.47,43.7,310,4,1,MALICIOUS
98.93,5.51,312,4,1,MALICIOUS
70.09,22.4,57,9,0,BENIGN
31.49,15.22,108,0,0,BENIGN
72.96,27.78,133,1,2,MALICIOUS
4.31,18.58,103,0,0,BENIGN
21.03,4.02,60,2,0,BENIGN
12.8,20.77,65,3,0,BENIGN
0.35,3.21,73,2,0,BENIGN
17.01,8.5,27,3,0,BENIGN
0.44,6.26,26,0,0,BENIGN
3.52,20.4,67,3,0,BENIGN
3.28,0.37,37,2,0,BENIGN
83.7,24.72,203,3,0,BENIGN
72.05,18.42,140,0,0,BENIGN
9.57,2.86,94,4,0,BENIGN
25.89,20.83,97,8,0,BENIGN
5.19,13.4,35,4,0,BENIGN
47.39,15.32,210,2,0,BENIGN
80.84,26.39,230,4,3,MALICIOUS
3.33,16.0,74,4,0,BENIGN
20.73,0.95,47,0,0,BENIGN
57.68,28.36,186,1,0,BENIGN
24.86,13.7,84,0,0,BENIGN
90.08,18.77,236,4,1,MALICIOUS
29.21,20.99,17,3,0,BENIGN
95.63,9.84,176,5,2,MALICIOUS
56.82,41.15,205,13,0,BENIGN
7.88,27.65,115,3,0,BENIGN
71.2,9.81,69,8,1,MALICIOUS
1.35,21.51,12,0,0,BENIGN
71.22,16.82,136,3,2,MALICIOUS
77.63,24.75,296,1,1,MALICIOUS
94.14,17.85,118,4,1,MALICIOUS
26.83,26.59,35,4,0,BENIGN
60.93,35.08,220,4,3,MALICIOUS
2.25,15.5,121,0,0,BENIGN
89.81,48.79,276,6,3,MALICIOUS
71.68,18.81,242,1,3,MALICIOUS
2.26,22.49,73,0,0,BENIGN
98.37,6.61,257,4,4,MALICIOUS
3.61,9.6,57,0,0,BENIGN
7.65,9.66,87,11,0,BENIGN
72.81,44.17,146,5,2,MALICIOUS
97.23,6.69,216,2,3,MALICIOUS
83.92,9.68,267,3,3,MALICIOUS
85.2,20.05,313,7,3,MALICIOUS
58.61,12.95,190,2,3,MALICIOUS
27.66,23.33,45,0,0,BENIGN
62.32,29.4,184,3,2,MALICIOUS
3.7,21.81,56,3,0,BENIGN
1.18,22.66,94,0,0,BENIGN
99.41,13.23,61,5,3,MALICIOUS
1.64,13.75,96,4,0,BENIGN
91.09,58.68,116,0,0,BENIGN
91.8,33.03,319,8,1,MALICIOUS
10.08,13.43,124,0,0,BENIGN
46.83,10.16,47,5,0,BENIGN
88.94,12.43,67,3,3,MALICIOUS
8.72,17.19,99,0,0,BENIGN
1.55,10.32,95,1,0,BENIGN
21.99,4.91,27,0,0,BENIGN
4.41,13.23,73,0,0,BENIGN
2.76,0.55,80,0,0,BENIGN
83.66,51.07,248,5,0,BENIGN
4.23,19.42,94,0,0,BENIGN
97.68,12.07,325,7,4,MALICIOUS
90.04,10.63,295,1,4,MALICIOUS
77.56,48.33,102,15,0,BENIGN
86.46,54.67,147,7,2,MALICIOUS
0.18,21.3,58,0,0,BENIGN
45.85,12.55,187,4,3,MALICIOUS
2.89,6.54,133,0,0,BENIGN
10.62,12.02,97,4,0,BENIGN
55.94,47.93,123,12,0,BENIGN
82.65,33.71,287,3,2,MALICIOUS
10.86,13.18,21,2,0,BENIGN
0.46,3.04,64,0,0,BENIGN
4.65,9.66,83,0,0,BENIGN
6.36,28.14,41,0,0,BENIGN
75.54,35.5,138,5,4,MALICIOUS
18.8,13.6,52,3,0,BENIGN
16.75,17.94,88,3,0,BENIGN
23.83,10.73,129,6,0,BENIGN
1.13,20.46,12,0,0,BENIGN
72.83,23.26,87,0,0,BENIGN
24.02,10.19,70,2,0,BENIGN
95.05,15.55,294,1,1,MALICIOUS
80.48,32.33,131,8,3,MALICIOUS
15.42,16.65,106,0,0,BENIGN
82.47,11.36,281,8,4,MALICIOUS
55.45,47.38,186,11,0,BENIGN
4.26,2.89,87,1,0,BENIGN
40.29,2.91,47,0,0,BENIGN
11.24,16.49,72,0,0,BENIGN
36.94,15.48,191,1,1,MALICIOUS
13.05,30.62,52,4,0,BENIGN
29.04,3.46,59,0,0,BENIGN
4.42,2.83,48,0,0,BENIGN
95.31,39.54,123,6,1,MALICIOUS
67.99,33.79,112,5,0,BENIGN
73.61,16.5,251,5,3,MALICIOUS
71.41,25.01,227,6,2,MALICIOUS
40.08,19.79,88,0,0,BENIGN
0.32,29.65,93,3,0,BENIGN
3.91,7.77,92,3,0,BENIGN
60.11,14.73,72,1,2,MALICIOUS
77.19,33.74,287,6,2,MALICIOUS
1.76,10.29,54,4,0,BENIGN
4.63,27.0,18,0,0,BENIGN
13.81,0.25,100,0,0,BENIGN
